DATE,SERIES,OPEN,HIGH,LOW,PREV. CLOSE,LTP,CLOSE,VWAP,52W H,52W L,VOLUME,VALUE,NO OF TRADES,SYMBOL
2025-06-04,EQ,342.0,385.7,339.2,342.05,380.05,380.6,365.53,385.7,144.45,28390440,10377647366.95,203836,RELINFRA
2025-06-03,EQ,359.0,359.0,337.0,356.85,341.5,342.05,343.57,359.0,144.45,17684059,6075663848.75,145295,RELINFRA
2025-06-02,EQ,332.0,359.0,329.65,330.5,357.95,356.85,346.38,359.0,144.45,27523498,9533521684.15,221141,RELINFRA
2025-05-30,EQ,314.0,347.55,311.1,313.1,328.55,330.5,331.6,351.0,144.45,29015364,9621565678.2,220988,RELINFRA
2025-05-29,EQ,310.65,321.0,308.9,308.3,313.15,313.1,315.3,351.0,144.45,7975244,2514626264.25,78091,RELINFRA
2025-05-28,EQ,309.0,312.0,304.25,306.8,308.5,308.3,307.78,351.0,144.45,6369651,1960473056.6,53192,RELINFRA
2025-05-27,EQ,296.7,310.0,288.6,293.55,307.0,306.8,302.05,351.0,144.45,13059582,3944589729.95,98842,RELINFRA
2025-05-26,EQ,306.9,308.9,287.0,305.45,293.65,293.55,295.7,351.0,144.45,13975946,4132689806.15,111030,RELINFRA
2025-05-23,EQ,288.0,313.0,282.45,283.4,307.5,305.45,300.61,351.0,144.45,22406660,6735562523.5,174821,RELINFRA
2025-05-22,EQ,275.1,286.0,275.0,276.15,284.0,283.4,281.69,351.0,144.45,4750110,1338074773.3,43334,RELINFRA
2025-05-21,EQ,275.5,279.0,272.75,274.65,276.75,276.15,275.82,351.0,144.45,2339631,645326312.65,24923,RELINFRA
2025-05-20,EQ,281.8,284.0,272.75,279.5,275.0,274.65,278.84,351.0,144.45,4193967,1169441339.0,42542,RELINFRA
2025-05-19,EQ,279.95,284.8,277.4,279.5,278.5,279.5,281.41,351.0,144.45,4023006,1132126892.1,31866,RELINFRA
2025-05-16,EQ,273.0,282.0,268.6,272.05,278.4,279.5,276.2,351.0,144.45,6293367,1738249169.85,53820,RELINFRA
2025-05-15,EQ,272.65,275.0,269.35,271.65,271.45,272.05,272.84,351.0,144.45,2588744,706313857.35,25550,RELINFRA
2025-05-14,EQ,267.0,272.4,264.7,265.05,271.85,271.65,269.69,351.0,144.45,3336343,899790511.1,29041,RELINFRA
2025-05-13,EQ,256.9,268.0,256.35,255.35,265.9,265.05,263.43,351.0,144.45,3885608,1023568987.1,40257,RELINFRA
2025-05-12,EQ,246.9,263.0,245.6,234.6,256.9,255.35,256.14,351.0,144.45,6915665,1771371445.9,56476,RELINFRA
2025-05-09,EQ,226.1,236.2,225.7,233.6,235.85,234.6,230.11,351.0,144.45,2926843,673494309.1,28263,RELINFRA
2025-05-08,EQ,241.0,244.6,230.95,240.5,232.0,233.6,238.4,351.0,144.45,2153890,513477372.25,23487,RELINFRA
2025-05-07,EQ,233.0,242.0,233.0,236.35,239.5,240.5,239.24,351.0,144.45,2890404,691494051.1,31907,RELINFRA
2025-05-06,EQ,257.3,258.7,235.2,256.4,236.4,236.35,244.38,351.0,144.45,3577289,874212917.3,51462,RELINFRA
2025-05-05,EQ,252.3,258.1,250.85,250.55,256.95,256.4,255.03,351.0,144.45,2046500,521920709.4,23114,RELINFRA
2025-05-02,EQ,255.1,259.8,249.95,254.55,250.55,250.55,254.54,351.0,144.45,2523350,642289802.05,28751,RELINFRA
2025-04-30,EQ,256.95,264.75,252.25,256.7,254.0,254.55,259.33,351.0,144.45,4164437,1079970075.15,45849,RELINFRA
2025-04-29,EQ,257.0,264.8,255.3,255.3,256.7,256.7,260.49,351.0,144.45,3892641,1013975670.55,33772,RELINFRA
2025-04-28,EQ,256.05,262.0,253.9,256.9,256.2,255.3,257.69,351.0,144.45,3235297,833700512.5,31602,RELINFRA
2025-04-25,EQ,270.0,270.95,250.1,269.1,256.2,256.9,258.07,351.0,144.45,7229576,1865756917.65,66890,RELINFRA
2025-04-24,EQ,264.6,275.8,264.3,266.25,269.0,269.1,270.95,351.0,144.45,5022103,1360751662.0,47798,RELINFRA
2025-04-23,EQ,268.45,270.75,262.85,266.55,266.7,266.25,266.42,351.0,144.45,2863738,762954531.25,29374,RELINFRA
2025-04-22,EQ,271.9,274.2,265.2,271.25,265.95,266.55,269.77,351.0,144.45,3896492,1051155411.95,35714,RELINFRA
2025-04-21,EQ,265.6,272.7,262.3,262.3,270.55,271.25,268.89,351.0,144.45,6601989,1775196435.5,50245,RELINFRA
2025-04-17,EQ,253.0,264.7,252.4,253.2,262.8,262.3,258.29,351.0,144.45,6690709,1728163449.0,45718,RELINFRA
2025-04-16,EQ,255.6,259.75,252.05,255.0,252.4,253.2,255.84,351.0,144.45,3056385,781944864.8,27680,RELINFRA
2025-04-15,EQ,252.8,259.15,251.85,250.15,255.1,255.0,255.89,351.0,144.45,2960127,757455921.85,32798,RELINFRA
2025-04-11,EQ,248.05,252.6,246.0,243.75,249.15,250.15,249.38,351.0,144.45,3490607,870473956.1,31782,RELINFRA
2025-04-09,EQ,243.5,257.7,238.75,245.35,242.8,243.75,246.54,351.0,144.45,4833606,1191686895.7,52159,RELINFRA
2025-04-08,EQ,248.0,251.45,241.65,241.5,245.55,245.35,245.88,351.0,144.45,2361484,580642687.2,26132,RELINFRA
2025-04-07,EQ,222.0,244.8,218.6,250.35,242.6,241.5,233.86,351.0,144.45,5876332,1374230505.25,57625,RELINFRA
2025-04-04,EQ,261.0,262.65,248.8,262.25,250.4,250.35,254.63,351.0,144.45,4671764,1189556037.15,41621,RELINFRA
2025-04-03,EQ,254.05,268.8,254.05,257.2,262.0,262.25,261.83,351.0,144.45,6231967,1631745519.8,58855,RELINFRA
2025-04-02,EQ,255.0,260.8,248.3,254.25,256.9,257.2,256.35,351.0,144.45,3413280,874982548.2,31975,RELINFRA
2025-04-01,EQ,254.9,262.0,252.1,258.64,254.15,254.25,256.13,351.0,144.45,2577736,660228715.5,29800,RELINFRA
2025-03-28,EQ,257.1,267.95,257.0,255.12,258.0,258.64,262.2,351.0,144.45,6881450,1804350103.14,65002,RELINFRA
2025-03-27,EQ,254.0,257.9,250.0,253.78,255.36,255.12,253.28,351.0,144.45,8550177,2165607370.31,58633,RELINFRA
2025-03-26,EQ,237.9,262.4,237.7,237.8,254.0,253.78,254.6,351.0,144.45,15771087,4015279044.2,127437,RELINFRA
2025-03-25,EQ,245.35,246.1,235.3,243.64,237.0,237.8,238.12,351.0,144.45,4771028,1136092295.06,31366,RELINFRA
2025-03-24,EQ,241.9,247.5,240.79,239.5,244.1,243.64,243.96,351.0,144.45,4195025,1023415626.96,34554,RELINFRA
2025-03-21,EQ,237.6,245.67,236.84,237.28,239.75,239.5,241.65,351.0,144.45,5173318,1250113286.42,37168,RELINFRA
2025-03-20,EQ,245.0,245.7,236.0,242.35,236.6,237.28,240.16,351.0,144.45,3503097,841318890.35,37390,RELINFRA
2025-03-19,EQ,232.2,245.34,232.0,230.55,241.65,242.35,239.15,351.0,144.45,5150722,1231793018.53,33658,RELINFRA
2025-03-18,EQ,222.0,234.23,221.0,219.38,229.95,230.55,229.94,351.0,144.45,5370777,1234944759.77,29468,RELINFRA
2025-03-17,EQ,220.0,223.95,217.32,218.44,217.79,219.38,220.31,351.0,144.45,4461379,982904621.01,20703,RELINFRA
2025-03-13,EQ,222.4,225.25,216.01,220.33,217.6,218.44,220.42,351.0,144.45,2367618,521872693.81,17715,RELINFRA
2025-03-12,EQ,228.0,230.45,218.85,225.91,220.0,220.33,222.68,351.0,144.45,3075754,684896819.45,18663,RELINFRA
2025-03-11,EQ,228.89,231.4,222.55,229.72,226.3,225.91,227.21,351.0,144.45,4789414,1088190172.32,27041,RELINFRA
2025-03-10,EQ,239.9,243.7,227.3,239.35,227.5,229.72,234.98,351.0,144.45,3508266,824370177.69,23029,RELINFRA
2025-03-07,EQ,235.01,247.9,231.1,235.86,239.7,239.35,239.12,351.0,144.45,10046677,2402396643.45,57707,RELINFRA
2025-03-06,EQ,223.87,248.9,221.1,219.6,235.11,235.86,237.1,351.0,144.45,10963580,2599514307.74,74507,RELINFRA
2025-03-05,EQ,207.2,221.39,207.2,205.89,220.7,219.6,217.19,351.0,144.45,4050862,879807073.98,25349,RELINFRA
2025-03-04,EQ,203.0,214.85,202.45,206.58,205.45,205.89,208.23,351.0,144.45,2900533,603968431.86,23884,RELINFRA
2025-03-03,EQ,214.99,217.86,198.13,211.95,206.7,206.58,205.56,351.0,144.45,5728528,1177568996.55,36978,RELINFRA
2025-02-28,EQ,221.0,222.5,210.1,222.95,211.75,211.95,215.1,351.0,144.45,5585491,1201428320.8,33802,RELINFRA
2025-02-27,EQ,238.2,240.8,220.05,238.8,221.8,222.95,227.71,351.0,144.45,3110075,708189690.4,31818,RELINFRA
2025-02-25,EQ,241.0,245.9,236.5,240.8,237.0,238.8,239.79,351.0,144.45,3041715,729361324.2,16488,RELINFRA
2025-02-24,EQ,250.35,250.65,240.1,252.3,240.1,240.8,242.98,351.0,144.45,3489248,847832990.1,18288,RELINFRA
2025-02-21,EQ,257.9,263.8,251.0,258.35,251.35,252.3,256.3,351.0,144.45,1791562,459168495.55,15410,RELINFRA
2025-02-20,EQ,255.0,263.1,253.8,256.25,258.45,258.35,259.31,351.0,144.45,1561572,404926666.8,13967,RELINFRA
2025-02-19,EQ,245.0,263.7,244.0,248.6,256.3,256.25,257.78,351.0,144.45,3382941,872043639.95,27036,RELINFRA
2025-02-18,EQ,249.95,256.6,243.8,244.35,246.5,248.6,248.23,351.0,144.45,5932355,1472597405.0,48935,RELINFRA
2025-02-17,EQ,236.0,252.0,229.55,250.15,245.0,244.35,240.71,351.0,144.45,7146483,1720222166.45,48167,RELINFRA
2025-02-14,EQ,270.0,270.5,243.25,266.7,248.25,250.15,252.89,351.0,144.45,5498360,1390477982.1,36081,RELINFRA
2025-02-13,EQ,268.2,277.1,262.1,266.8,264.75,266.7,270.92,351.0,144.45,2220442,601565173.25,19411,RELINFRA
2025-02-12,EQ,265.35,275.55,252.8,267.5,267.4,266.8,265.65,351.0,144.45,4076501,1082918335.9,33845,RELINFRA
2025-02-11,EQ,283.7,283.7,263.55,284.45,266.45,267.5,269.5,351.0,144.45,3505859,944821045.75,24847,RELINFRA
2025-02-10,EQ,295.0,303.0,276.8,286.5,281.7,284.45,289.09,351.0,144.45,6207675,1794555117.05,43730,RELINFRA
2025-02-07,EQ,271.55,288.7,268.2,272.0,285.0,286.5,280.06,351.0,144.45,6175237,1729454956.95,49613,RELINFRA
2025-02-06,EQ,259.4,276.65,258.0,254.45,271.7,272.0,266.33,351.0,144.45,9236767,2459997890.2,54533,RELINFRA
2025-02-05,EQ,245.0,257.75,243.85,245.5,255.0,254.45,253.27,351.0,144.45,3782970,958109518.7,23654,RELINFRA
2025-02-04,EQ,234.45,245.75,231.95,234.05,245.75,245.5,239.85,351.0,144.45,2889165,692970493.0,23285,RELINFRA
2025-02-03,EQ,239.0,239.8,234.05,246.35,234.05,234.05,235.11,351.0,144.45,1722615,404999963.05,11399,RELINFRA
2025-02-01,EQ,252.7,254.7,241.35,250.6,245.0,246.35,248.14,351.0,144.45,1596370,396116406.7,13660,RELINFRA
2025-01-31,EQ,249.5,253.55,247.3,250.85,250.05,250.6,250.71,351.0,144.45,1473454,369416017.25,14341,RELINFRA
2025-01-30,EQ,247.75,254.0,244.4,248.25,248.95,250.85,249.61,351.0,144.45,2679925,668939352.0,17269,RELINFRA
2025-01-29,EQ,242.75,251.9,237.05,240.6,247.75,248.25,243.6,351.0,144.45,4864812,1185075940.85,23617,RELINFRA
2025-01-28,EQ,251.0,252.0,237.2,249.65,240.5,240.6,240.74,351.0,144.45,4643249,1117808022.05,19121,RELINFRA
2025-01-27,EQ,258.85,259.8,249.65,262.75,249.65,249.65,251.03,351.0,144.45,1458447,366119603.05,7755,RELINFRA
2025-01-24,EQ,275.4,277.0,260.7,274.4,263.0,262.75,267.75,351.0,144.45,957586,256395321.75,9991,RELINFRA
2025-01-23,EQ,273.9,281.45,272.6,274.4,273.25,274.4,277.26,351.0,144.45,957332,265429038.6,13108,RELINFRA
2025-01-22,EQ,283.9,283.9,268.25,276.55,273.95,274.4,274.32,351.0,144.45,1302429,357281715.3,12598,RELINFRA
2025-01-21,EQ,281.9,284.0,272.0,280.95,278.55,276.55,276.36,351.0,144.45,3344638,924329004.55,22515,RELINFRA
2025-01-20,EQ,289.95,289.95,279.6,285.6,281.0,280.95,282.56,351.0,144.45,1567639,442959699.95,11193,RELINFRA
2025-01-17,EQ,278.5,289.5,278.05,279.3,286.45,285.6,286.08,351.0,144.45,1980765,566660856.4,17327,RELINFRA
2025-01-16,EQ,278.4,282.7,277.15,275.1,279.45,279.3,279.59,351.0,144.45,1930471,539735326.95,12915,RELINFRA
2025-01-15,EQ,277.0,279.5,270.6,274.95,274.65,275.1,275.17,351.0,144.45,3716226,1022594947.75,16973,RELINFRA
2025-01-14,EQ,278.95,286.65,273.1,277.55,275.0,274.95,277.65,351.0,144.45,5086386,1412248137.55,22836,RELINFRA
2025-01-13,EQ,288.35,296.95,277.55,292.15,277.55,277.55,286.08,351.0,144.45,2071284,592562195.95,17154,RELINFRA
2025-01-10,EQ,287.0,301.4,283.8,287.05,292.4,292.15,294.51,351.0,144.45,3438608,1012721467.7,27154,RELINFRA
2025-01-09,EQ,303.85,304.45,287.05,302.15,287.05,287.05,291.47,351.0,144.45,2478812,722500188.65,14175,RELINFRA
2025-01-08,EQ,311.0,311.65,298.0,309.55,301.6,302.15,302.83,351.0,144.45,1733254,524873323.5,17768,RELINFRA
2025-01-07,EQ,300.3,312.0,297.6,303.25,308.2,309.55,307.1,351.0,144.45,2266086,695911799.0,17707,RELINFRA
2025-01-06,EQ,320.2,320.2,303.25,319.2,303.25,303.25,308.7,351.0,144.45,2903728,896386773.75,15569,RELINFRA
2025-01-03,EQ,322.5,328.45,317.8,322.65,319.0,319.2,323.03,351.0,144.45,3019612,975435333.1,16832,RELINFRA
2025-01-02,EQ,318.0,327.85,316.3,319.2,321.0,322.65,322.35,351.0,144.45,5337254,1720445050.25,32141,RELINFRA
2025-01-01,EQ,304.9,319.35,303.05,304.15,319.35,319.2,314.94,351.0,144.45,9317923,2934565443.35,30629,RELINFRA
2024-12-31,EQ,294.05,306.7,292.2,297.05,304.6,304.15,301.97,351.0,144.45,2233861,674563001.85,14799,RELINFRA
2024-10-07,EQ,305.95,310.0,285.3,301.15,289.3,288.25,295.33,351.0,144.45,11141091,3290337581.2,69460,RELINFRA
2024-10-04,EQ,324.8,327.75,296.65,326.7,300.0,301.15,308.09,351.0,144.45,11602213,3574530126.5,81540,RELINFRA
2024-10-03,EQ,333.0,345.7,324.1,332.0,325.0,326.7,335.15,351.0,144.45,10512072,3523129013.55,70482,RELINFRA
2024-10-01,EQ,339.7,342.0,328.3,336.13,331.0,332.0,334.81,351.0,144.45,11112275,3720553314.5,61900,RELINFRA
2024-09-30,EQ,329.9,345.4,324.35,322.95,336.9,336.13,337.12,351.0,144.45,22244974,7499321088.69,146597,RELINFRA
2024-09-27,EQ,332.1,335.0,317.15,328.79,328.7,322.95,327.7,351.0,144.45,12302274,4031439690.98,63246,RELINFRA
2024-09-26,EQ,326.0,338.2,326.0,335.16,327.3,328.79,331.94,351.0,144.45,11015248,3656351703.06,67617,RELINFRA
2024-09-25,EQ,337.55,346.4,325.1,337.04,335.1,335.16,336.64,351.0,144.45,19390430,6527517740.99,121035,RELINFRA
2024-09-24,EQ,331.0,351.0,326.63,329.53,337.0,337.04,338.0,351.0,144.45,31606857,10683027137.16,171980,RELINFRA
2024-09-23,EQ,319.4,335.3,310.01,316.29,327.6,329.53,321.58,335.3,144.45,24386427,7842293583.93,142506,RELINFRA
2024-09-20,EQ,284.65,327.7,281.81,284.89,316.0,316.29,310.94,327.7,144.45,56875659,17684844382.03,317603,RELINFRA
2024-09-19,EQ,294.0,304.0,272.33,282.73,282.8,284.89,287.96,308.0,144.45,55952528,16112010512.86,359879,RELINFRA
2024-09-18,EQ,244.0,282.73,239.36,235.61,282.73,282.73,261.41,308.0,144.45,52200056,13645757769.69,309740,RELINFRA
2024-09-17,EQ,218.55,238.0,218.0,216.05,235.44,235.61,230.26,308.0,144.45,21723077,5001867615.85,125361,RELINFRA
2024-09-16,EQ,215.0,223.4,212.01,212.57,215.76,216.05,218.19,308.0,144.45,9200981,2007537263.73,59979,RELINFRA
2024-09-13,EQ,213.37,215.94,211.71,213.45,212.0,212.57,213.82,308.0,144.45,2059427,440342568.06,20502,RELINFRA
2024-09-12,EQ,212.5,216.0,208.53,210.98,212.55,213.45,212.07,308.0,144.45,3577091,758577974.97,33400,RELINFRA
2024-09-11,EQ,217.9,218.4,210.22,216.97,210.88,210.98,215.07,308.0,144.45,4361768,938073501.55,24885,RELINFRA
2024-09-10,EQ,214.0,222.8,212.6,211.75,216.4,216.97,218.44,308.0,144.45,8769665,1915636595.89,51096,RELINFRA
2024-09-09,EQ,212.0,214.0,204.5,213.45,213.5,211.75,209.83,308.0,144.45,6559298,1376317806.63,36090,RELINFRA
2024-09-06,EQ,210.0,216.97,205.4,209.97,213.5,213.45,211.32,308.0,144.45,9005951,1903117402.82,44467,RELINFRA
2024-09-05,EQ,213.9,217.7,208.25,212.16,209.5,209.97,213.23,308.0,144.45,7286176,1553659491.95,45608,RELINFRA
2024-09-04,EQ,196.0,213.7,195.0,197.98,212.51,212.16,207.86,308.0,144.45,12139301,2523228371.06,95204,RELINFRA
2024-09-03,EQ,205.9,206.74,196.85,204.75,197.8,197.98,201.81,308.0,144.45,3688157,744312739.62,41251,RELINFRA
2024-09-02,EQ,209.01,210.0,202.15,209.21,204.03,204.75,205.35,308.0,144.45,4683441,961756016.06,42966,RELINFRA
2024-08-30,EQ,214.0,215.96,207.3,212.25,209.5,209.21,211.72,308.0,144.45,6413883,1357949137.12,53842,RELINFRA
2024-08-29,EQ,214.5,214.8,203.61,213.5,211.1,212.25,210.21,308.0,144.45,9059262,1904369734.56,88989,RELINFRA
2024-08-28,EQ,212.9,218.53,210.3,207.79,213.11,213.5,214.15,308.0,144.45,11694157,2504317364.17,95618,RELINFRA
2024-08-27,EQ,208.63,211.23,206.0,206.75,208.0,207.79,208.12,308.0,144.45,5588588,1163087775.06,45353,RELINFRA
2024-08-26,EQ,214.0,215.9,205.5,211.76,207.66,206.75,210.45,308.0,144.45,13750027,2893760132.65,93890,RELINFRA
2024-08-23,EQ,237.49,243.64,201.99,235.71,209.99,211.76,216.78,308.0,144.45,49956927,10829684376.35,304591,RELINFRA
2024-08-22,EQ,245.0,245.9,232.5,243.1,236.9,235.71,238.92,308.0,144.45,10450574,2496826431.55,88312,RELINFRA
2024-08-21,EQ,240.0,247.25,238.44,238.44,243.05,243.1,243.01,308.0,144.45,9282416,2255712148.77,93659,RELINFRA
2024-08-20,EQ,227.9,247.3,226.1,225.71,237.7,238.44,238.68,308.0,144.45,19152844,4571459444.94,160217,RELINFRA
2024-08-19,EQ,219.8,229.7,217.48,217.97,225.0,225.71,225.47,308.0,144.45,8155742,1838887327.83,82840,RELINFRA
2024-08-16,EQ,226.0,226.0,214.7,220.28,217.0,217.97,219.42,308.0,144.45,7765975,1704013201.89,74307,RELINFRA
2024-08-14,EQ,224.99,225.0,213.2,222.87,218.55,220.28,219.76,308.0,144.45,7639592,1678853962.6,72991,RELINFRA
2024-08-13,EQ,227.4,237.66,220.44,226.06,222.4,222.87,230.01,308.0,144.45,11534194,2652981368.21,82313,RELINFRA
2024-08-12,EQ,231.0,232.7,225.0,230.02,225.44,226.06,228.63,308.0,144.45,10461561,2391789775.18,84939,RELINFRA
2024-08-09,EQ,213.0,232.01,209.7,208.2,231.0,230.02,223.47,308.0,144.45,18906610,4225113084.03,159935,RELINFRA
2024-08-08,EQ,215.82,218.8,207.0,214.05,207.81,208.2,213.91,308.0,144.45,6583869,1408365477.01,61611,RELINFRA
2024-08-07,EQ,194.1,216.3,192.99,191.89,215.2,214.05,206.61,308.0,144.45,10272546,2122365482.79,91728,RELINFRA
2024-08-06,EQ,200.1,205.28,190.1,195.33,191.7,191.89,199.36,308.0,144.45,6593925,1314583470.32,59050,RELINFRA
2024-08-05,EQ,208.0,212.63,193.5,215.72,195.8,195.33,201.3,308.0,144.45,10633749,2140540896.92,88243,RELINFRA
2024-08-02,EQ,210.0,219.45,209.63,214.44,215.05,215.72,215.64,308.0,144.45,8524605,1838284009.09,79355,RELINFRA
2024-08-01,EQ,209.18,224.79,207.49,207.17,215.75,214.44,216.53,308.0,144.45,16900302,3659404825.95,141252,RELINFRA
2024-07-31,EQ,203.45,209.8,199.29,201.26,207.0,207.17,206.06,308.0,144.45,7555013,1556813700.75,88334,RELINFRA
2024-07-30,EQ,200.1,205.6,196.6,199.37,200.75,201.26,202.22,308.0,144.45,4992829,1009632624.46,61845,RELINFRA
2024-07-29,EQ,192.99,200.7,191.74,190.36,198.85,199.37,197.59,308.0,144.45,7740488,1529444565.74,78183,RELINFRA
2024-07-26,EQ,194.0,195.88,190.0,191.78,190.78,190.36,193.18,308.0,144.45,2448322,472963909.82,30986,RELINFRA
2024-07-25,EQ,182.0,194.3,179.25,184.39,192.25,191.78,189.54,308.0,144.45,4506327,854132175.88,57559,RELINFRA
2024-07-24,EQ,176.0,186.99,174.6,175.17,184.56,184.39,183.15,308.0,144.45,3227069,591044111.04,45392,RELINFRA
2024-07-23,EQ,179.49,179.49,169.51,177.76,174.98,175.17,175.55,308.0,144.45,2517241,441905693.05,38073,RELINFRA
2024-07-22,EQ,181.0,181.0,176.36,181.74,177.9,177.76,178.69,308.0,144.45,2040413,364591454.2,28583,RELINFRA
2024-07-19,EQ,189.3,189.3,181.05,188.0,181.89,181.74,183.54,308.0,144.45,2197896,403401931.13,34130,RELINFRA
2024-07-18,EQ,189.58,191.75,186.0,189.58,187.71,188.0,188.84,308.0,144.45,2127735,401797719.51,35774,RELINFRA
2024-07-16,EQ,193.1,195.46,189.05,194.39,189.5,189.58,192.08,308.0,144.45,1916423,368100873.64,25651,RELINFRA
2024-07-15,EQ,190.2,196.0,187.93,190.6,193.95,194.39,193.01,308.0,144.45,4279101,825914677.0,44378,RELINFRA
2024-07-12,EQ,192.85,193.55,187.0,191.92,187.0,190.6,191.78,308.0,144.45,2519326,483157585.26,31161,RELINFRA
2024-07-11,EQ,190.9,194.71,190.79,189.0,192.0,191.92,192.99,308.0,144.45,2748761,530477141.87,25079,RELINFRA
2024-07-10,EQ,197.4,197.5,186.9,196.58,189.2,189.0,190.4,308.0,144.45,3595272,684531648.25,33218,RELINFRA
2024-07-09,EQ,200.95,201.4,195.61,199.91,196.34,196.58,198.36,308.0,144.45,1882558,373419332.43,20246,RELINFRA
2024-07-08,EQ,201.0,203.0,196.11,199.14,199.9,199.91,200.39,308.0,144.45,5156874,1033369515.15,53114,RELINFRA
2024-07-05,EQ,187.9,206.8,185.14,186.96,198.6,199.14,198.01,308.0,144.45,11536346,2284259591.8,118910,RELINFRA
2024-07-04,EQ,186.9,190.7,185.94,185.74,187.05,186.96,188.5,308.0,144.45,2977663,561278763.65,35070,RELINFRA
2024-07-03,EQ,188.9,189.68,185.0,187.55,185.45,185.74,186.82,308.0,144.45,2710041,506285951.94,32017,RELINFRA
2024-07-02,EQ,191.07,192.0,187.0,188.93,187.8,187.55,188.96,308.0,144.45,2972657,561714677.9,36454,RELINFRA
2024-07-01,EQ,190.0,194.85,186.02,199.93,189.0,188.93,189.9,308.0,144.45,7038002,1336531980.53,57248,RELINFRA
2024-06-28,EQ,200.0,207.4,198.4,197.69,199.78,199.93,202.29,308.0,144.45,3355098,678705281.39,49012,RELINFRA
2024-06-27,EQ,205.55,208.4,194.9,205.41,197.0,197.69,200.76,308.0,144.45,4249020,853033057.72,51598,RELINFRA
2024-06-26,EQ,209.24,211.69,203.6,208.4,204.84,205.41,208.23,308.0,144.45,2302946,479539993.71,37247,RELINFRA
2024-06-25,EQ,213.5,215.45,206.35,213.37,207.5,208.4,212.24,308.0,144.45,3262637,692463158.1,46144,RELINFRA
2024-06-24,EQ,214.95,219.4,212.25,214.8,212.86,213.37,215.0,308.0,144.45,3617039,777670755.54,35823,RELINFRA
2024-06-21,EQ,211.21,218.9,209.98,213.25,215.61,214.8,214.22,308.0,144.45,8797504,1884592667.22,79221,RELINFRA
2024-06-20,EQ,208.41,214.8,207.49,209.82,211.9,213.25,211.93,308.0,144.45,5001212,1059928226.15,50610,RELINFRA
2024-06-19,EQ,212.0,216.0,203.56,211.03,209.55,209.82,209.39,308.0,144.45,7890324,1652141372.98,75102,RELINFRA
2024-06-18,EQ,210.9,213.3,207.6,208.98,211.05,211.03,210.34,308.0,144.45,5750817,1209637879.54,56031,RELINFRA
2024-06-14,EQ,204.45,214.0,201.1,203.15,208.45,208.98,209.26,308.0,144.45,14297358,2991922214.95,96651,RELINFRA
2024-06-13,EQ,194.0,204.7,192.0,190.3,203.0,203.15,198.0,308.0,144.45,12730373,2520574168.29,83948,RELINFRA
2024-06-12,EQ,190.2,196.49,187.2,189.3,191.31,190.3,191.38,308.0,144.45,10187557,1949710978.42,69840,RELINFRA
2024-06-11,EQ,188.5,192.29,186.3,185.54,189.8,189.3,189.26,308.0,144.45,8021216,1518105894.53,66936,RELINFRA
2024-06-10,EQ,175.0,192.07,173.75,167.8,186.2,185.54,184.44,308.0,144.45,15850843,2923476395.94,138086,RELINFRA
2024-06-07,EQ,159.9,169.15,158.6,157.65,168.4,167.8,165.67,308.0,144.45,4611123,763941327.45,38611,RELINFRA
2024-06-06,EQ,155.95,162.0,152.0,149.95,157.25,157.65,158.35,308.0,144.45,2891532,457868288.35,24745,RELINFRA
2024-06-05,EQ,158.95,158.95,144.45,155.95,150.0,149.95,150.75,308.0,144.45,4300375,648301010.4,22793,RELINFRA
2024-06-04,EQ,172.5,172.5,155.95,173.25,155.95,155.95,160.03,308.0,154.75,3670554,587405437.15,28009,RELINFRA
2024-06-03,EQ,179.0,179.95,165.0,166.35,173.9,173.25,173.82,308.0,154.75,2948747,512550422.25,15333,RELINFRA
2024-05-31,EQ,169.15,169.8,162.8,167.1,166.1,166.35,166.3,308.0,154.75,1934832,321760139.8,14449,RELINFRA
2024-05-30,EQ,170.5,171.75,166.5,170.5,167.35,167.1,168.7,308.0,154.75,1159365,195583128.3,10454,RELINFRA
2024-05-29,EQ,168.0,172.95,167.4,168.9,170.0,170.5,171.09,308.0,154.75,1471035,251677504.7,10493,RELINFRA
2024-05-28,EQ,171.5,173.8,167.75,170.0,169.1,168.9,171.06,308.0,154.75,2533070,433301825.75,13531,RELINFRA
2024-05-27,EQ,171.8,174.65,169.0,171.15,170.7,170.0,171.9,308.0,154.75,2277701,391535267.0,13102,RELINFRA
2024-05-24,EQ,166.7,177.7,165.1,166.05,171.8,171.15,172.77,308.0,154.75,4505438,778385568.55,28198,RELINFRA
2024-05-23,EQ,168.0,169.3,165.0,167.35,165.65,166.05,166.76,308.0,154.75,1716460,286232381.25,9720,RELINFRA
2024-05-22,EQ,167.95,171.65,163.0,167.85,167.3,167.35,168.15,308.0,154.75,2262465,380432369.4,17307,RELINFRA
2024-05-21,EQ,171.0,173.15,167.0,171.1,167.6,167.85,170.12,308.0,154.75,1759162,299266093.65,13474,RELINFRA
2024-05-18,EQ,170.0,172.5,169.7,170.1,171.25,171.1,171.26,308.0,154.75,329805,56481737.8,2323,RELINFRA
2024-05-17,EQ,172.95,173.6,169.1,172.35,169.7,170.1,171.5,308.0,154.75,1290797,221366254.75,10246,RELINFRA
2024-05-16,EQ,172.5,174.8,171.2,171.6,172.5,172.35,173.21,308.0,154.75,2038500,353086020.35,10686,RELINFRA
2024-05-15,EQ,172.5,174.7,170.6,171.45,171.85,171.6,172.61,308.0,154.75,2020823,348819604.1,14079,RELINFRA
2024-05-14,EQ,165.9,172.9,164.25,164.7,171.3,171.45,169.92,308.0,154.75,3280743,557474233.05,20442,RELINFRA
2024-05-13,EQ,163.5,166.4,157.95,162.95,164.25,164.7,162.57,308.0,154.75,4259464,692461765.85,25935,RELINFRA
2024-05-10,EQ,162.5,165.4,157.45,161.2,163.05,162.95,162.53,308.0,154.75,2355315,382820195.85,17871,RELINFRA
2024-05-09,EQ,166.0,168.7,160.0,166.8,161.45,161.2,164.28,308.0,154.75,3162156,519478927.85,21758,RELINFRA
2024-05-08,EQ,171.0,171.55,165.4,170.75,165.5,166.8,168.56,308.0,154.75,2524058,425460949.4,16605,RELINFRA
2024-05-07,EQ,167.4,177.65,166.8,166.55,170.7,170.75,170.98,308.0,154.75,5029323,859937541.85,30119,RELINFRA
2024-05-06,EQ,178.4,179.55,165.5,176.2,166.45,166.55,168.79,308.0,154.75,4516990,762409054.85,28888,RELINFRA
2024-05-03,EQ,176.9,179.4,170.5,175.45,177.0,176.2,174.93,308.0,154.75,3397162,594276527.4,23479,RELINFRA
2024-05-02,EQ,179.75,179.9,174.2,177.9,175.45,175.45,176.94,308.0,154.75,2503944,443059861.0,20036,RELINFRA
2024-04-30,EQ,187.0,190.35,176.3,185.8,178.6,177.9,182.19,308.0,154.75,4020285,732461005.85,30354,RELINFRA
2024-04-29,EQ,193.25,194.0,185.0,190.9,186.5,185.8,188.85,308.0,154.75,2202459,415934312.75,18197,RELINFRA
2024-04-26,EQ,194.7,195.0,190.15,192.65,190.8,190.9,192.44,308.0,154.75,1928007,371032718.15,14659,RELINFRA
2024-04-25,EQ,190.0,196.75,189.45,191.7,192.9,192.65,193.64,308.0,154.75,2893721,560328459.25,16701,RELINFRA
2024-04-24,EQ,194.65,197.9,189.1,192.95,193.05,191.7,192.92,308.0,154.75,4080861,787279575.1,22409,RELINFRA
2024-04-23,EQ,197.4,198.65,191.5,195.25,192.45,192.95,195.39,308.0,154.75,2318679,453037494.85,16792,RELINFRA
2024-04-22,EQ,198.0,199.55,192.8,188.75,195.0,195.25,196.07,308.0,154.75,3930990,770764579.9,23141,RELINFRA
2024-04-19,EQ,192.7,192.95,185.2,194.7,188.25,188.75,189.21,308.0,154.75,3422493,647565299.45,25603,RELINFRA
2024-04-18,EQ,197.7,200.5,193.0,194.2,194.75,194.7,197.49,308.0,154.75,3209227,633782903.35,23281,RELINFRA
2024-04-16,EQ,197.9,204.0,192.3,199.95,194.3,194.2,199.07,308.0,154.75,5149489,1025114890.9,30034,RELINFRA
2024-04-15,EQ,195.0,206.0,189.4,197.75,198.9,199.95,199.12,308.0,154.75,13182706,2624879437.5,64357,RELINFRA
2024-04-12,EQ,182.1,208.7,182.1,227.6,198.1,197.75,196.28,308.0,154.75,42171052,8277521585.3,144201,RELINFRA
2024-04-10,EQ,286.65,287.3,227.6,284.5,227.6,227.6,245.46,308.0,154.75,16899750,4148184658.0,71112,RELINFRA
2024-04-09,EQ,287.95,293.05,279.3,287.6,284.5,284.5,286.51,308.0,154.75,2263735,648590856.3,17129,RELINFRA
2024-04-08,EQ,301.0,302.7,287.0,298.9,287.5,287.6,293.28,308.0,154.75,3536629,1037239812.7,36276,RELINFRA
2024-04-05,EQ,290.1,301.7,285.15,295.0,297.4,298.9,293.31,308.0,154.75,5986099,1755811420.3,52674,RELINFRA
2024-04-04,EQ,294.3,308.0,292.3,291.8,294.95,295.0,299.75,308.0,154.75,9110520,2730863962.8,80572,RELINFRA
2024-04-03,EQ,289.5,298.5,286.1,289.8,290.85,291.8,293.96,298.5,154.75,6516978,1915707554.65,59137,RELINFRA
2024-04-02,EQ,269.55,294.0,265.35,268.65,289.9,289.8,285.64,294.0,154.75,7851463,2242681897.65,49798,RELINFRA
2024-04-01,EQ,274.25,277.6,266.95,270.95,268.7,268.65,271.15,287.7,154.75,4248823,1152051366.65,18538,RELINFRA
2024-03-28,EQ,269.0,274.5,266.25,266.95,272.5,270.95,270.94,287.7,154.75,2272474,615706493.35,16237,RELINFRA
2024-03-27,EQ,275.7,278.0,264.5,273.7,266.0,266.95,271.69,287.7,154.75,3482355,946107060.05,22306,RELINFRA
2024-03-26,EQ,276.9,287.7,271.5,277.35,273.0,273.7,280.05,287.7,154.75,6041226,1691848719.8,41183,RELINFRA
2024-03-22,EQ,277.0,286.65,272.8,271.2,275.5,277.35,278.99,286.65,154.75,13000530,3626963361.35,80414,RELINFRA
2024-03-21,EQ,254.9,275.85,251.5,249.3,275.85,271.2,262.88,275.85,154.75,14877201,3910936421.1,106293,RELINFRA
2024-03-20,EQ,242.0,253.4,237.35,239.8,249.0,249.3,247.27,263.95,154.75,12052192,2980148058.95,83246,RELINFRA
2024-03-19,EQ,251.75,256.6,236.2,255.95,239.2,239.8,244.45,263.95,154.75,8759619,2141265642.85,73876,RELINFRA
2024-03-18,EQ,240.7,263.95,236.35,237.5,254.0,255.95,254.92,263.95,154.75,23868902,6084559673.7,194657,RELINFRA
2024-03-15,EQ,212.0,243.7,206.25,214.25,238.7,237.5,229.76,251.7,154.75,11627633,2671590797.6,106433,RELINFRA
2024-03-14,EQ,191.0,216.5,187.35,186.9,212.0,214.25,203.8,251.7,154.75,5701903,1162073243.65,61889,RELINFRA
2024-03-13,EQ,218.5,220.6,181.6,217.55,190.65,186.9,199.32,251.7,154.75,6051584,1206224046.7,63425,RELINFRA
2024-03-12,EQ,225.9,230.95,212.2,223.65,218.45,217.55,221.11,251.7,154.75,3691556,816249799.35,42664,RELINFRA
2024-03-11,EQ,222.65,231.55,221.0,221.2,223.65,223.65,226.22,251.7,154.75,2615747,591744941.2,34212,RELINFRA
2024-03-07,EQ,218.0,224.9,215.9,218.35,219.35,221.2,220.98,251.7,154.75,2304713,509286012.25,21636,RELINFRA
2024-03-06,EQ,226.0,226.85,214.05,226.7,218.0,218.35,219.07,251.7,154.75,2921978,640122377.75,34786,RELINFRA
2024-03-05,EQ,228.6,230.2,225.2,228.75,226.7,226.7,227.19,251.7,154.75,1393751,316651045.2,12865,RELINFRA
2024-03-04,EQ,226.0,233.8,223.1,226.05,228.0,228.75,228.43,251.7,154.75,2169830,495657043.95,26090,RELINFRA
2024-03-02,EQ,223.35,227.7,221.9,223.25,226.1,226.05,225.51,251.7,154.75,462536,104305536.55,3731,RELINFRA
2024-03-01,EQ,221.45,226.8,220.7,220.9,222.7,223.25,223.77,251.7,154.75,1896361,424355680.6,16997,RELINFRA
2024-02-29,EQ,212.0,223.35,209.8,212.1,220.6,220.9,217.0,251.7,154.75,4001150,868255025.3,40350,RELINFRA
2024-02-28,EQ,222.0,222.0,209.55,220.55,213.5,212.1,214.65,251.7,154.75,3714038,797220407.6,34594,RELINFRA
2024-02-27,EQ,228.0,230.4,219.15,228.55,219.85,220.55,225.01,251.7,154.75,1876036,422122874.2,21864,RELINFRA
2024-02-26,EQ,228.4,236.8,227.5,228.5,228.05,228.55,232.18,251.7,154.75,2539848,589691977.7,30062,RELINFRA
2024-02-23,EQ,230.4,238.7,227.2,229.45,228.5,228.5,232.69,251.7,154.75,3307602,769641024.8,33628,RELINFRA
2024-02-22,EQ,234.0,234.0,225.95,233.0,230.0,229.45,229.47,251.7,154.75,2215603,508413552.65,26212,RELINFRA
2024-02-21,EQ,243.3,245.25,231.15,241.2,232.45,233.0,238.34,251.7,154.75,3182462,758506641.3,30306,RELINFRA
2024-02-20,EQ,244.0,247.95,236.75,242.85,240.15,241.2,242.15,251.7,154.75,3830545,927555093.85,40587,RELINFRA
2024-02-19,EQ,229.9,251.7,225.3,225.25,241.0,242.85,241.87,251.7,154.75,9256160,2238774314.15,88931,RELINFRA
2024-02-16,EQ,232.0,235.5,224.55,234.35,224.9,225.25,228.45,248.45,154.75,2330496,532396724.05,29231,RELINFRA
2024-02-15,EQ,233.85,242.5,228.0,229.15,233.6,234.35,236.12,248.45,154.75,5707274,1347601806.5,67078,RELINFRA
2024-02-14,EQ,208.1,239.0,207.15,210.15,231.1,229.15,229.69,248.45,154.75,11078807,2544668902.65,109680,RELINFRA
2024-02-13,EQ,201.25,213.8,194.0,202.25,210.85,210.15,205.21,248.45,154.75,4079730,837201402.65,49837,RELINFRA
2024-02-12,EQ,210.0,215.05,200.2,213.0,201.05,202.25,207.73,248.45,154.75,2864504,595049945.45,31121,RELINFRA
2024-02-09,EQ,215.0,215.9,205.45,213.45,212.4,213.0,211.25,248.45,154.75,2218438,468638373.95,34390,RELINFRA
2024-02-08,EQ,217.45,222.3,211.0,216.45,213.85,213.45,218.24,248.45,154.75,3543816,773410948.95,41502,RELINFRA
2024-02-07,EQ,223.0,223.55,214.6,214.95,216.0,216.45,219.62,248.45,154.75,3399781,746648061.05,39324,RELINFRA
2024-02-06,EQ,215.1,216.0,212.1,214.5,214.85,214.95,214.31,248.45,154.75,1274550,273146430.3,10208,RELINFRA
2024-02-05,EQ,221.95,222.2,213.5,221.95,214.0,214.5,217.13,248.45,154.75,1621173,352005299.4,16308,RELINFRA
2024-02-02,EQ,225.9,226.15,219.7,224.6,223.0,221.95,223.42,248.45,154.75,1664169,371815209.8,13229,RELINFRA
2024-02-01,EQ,233.45,233.45,223.65,231.05,224.75,224.6,226.74,248.45,154.75,1421430,322298013.5,10609,RELINFRA
2024-01-31,EQ,230.0,235.0,229.9,231.55,230.5,231.05,232.14,248.45,154.75,1738443,403563776.2,11002,RELINFRA
2024-01-30,EQ,230.25,235.95,226.5,227.95,231.55,231.55,231.29,248.45,154.75,3034343,701798830.0,16796,RELINFRA
2024-01-29,EQ,219.95,233.9,219.0,215.25,228.25,227.95,228.15,248.45,154.75,4470833,1020040853.6,24051,RELINFRA
2024-01-25,EQ,213.65,217.9,212.45,213.4,215.0,215.25,214.96,248.45,154.75,1654540,355666180.05,8892,RELINFRA
2024-01-24,EQ,208.35,215.0,205.1,208.35,213.65,213.4,212.05,248.45,154.75,1657104,351388450.35,12478,RELINFRA
2024-01-23,EQ,222.65,223.85,206.85,222.35,208.95,208.35,214.32,248.45,154.75,2266229,485692877.55,17399,RELINFRA
2024-01-20,EQ,217.95,226.9,216.55,216.75,222.15,222.35,222.07,248.45,154.75,1862826,413686682.85,11885,RELINFRA
2024-01-19,EQ,220.85,221.85,214.6,218.9,216.1,216.75,217.67,248.45,154.75,1728119,376158511.45,12387,RELINFRA
2024-01-18,EQ,217.1,222.0,210.25,217.3,218.9,218.9,217.65,248.45,154.75,2874907,625734922.6,15703,RELINFRA
2024-01-17,EQ,218.4,224.0,214.9,221.9,216.75,217.3,219.63,248.45,154.75,2533215,556372010.6,17143,RELINFRA
2024-01-16,EQ,232.0,235.95,218.75,232.65,222.0,221.9,226.68,248.45,154.75,3336614,756331880.65,20827,RELINFRA
2024-01-15,EQ,239.9,239.9,229.5,238.45,232.0,232.65,233.61,248.45,154.75,2407923,562506724.2,14488,RELINFRA
2024-01-12,EQ,241.8,242.3,236.5,239.9,238.25,238.45,239.41,248.45,154.75,2587357,619433593.0,13676,RELINFRA
2024-01-11,EQ,241.5,245.95,237.8,237.45,239.05,239.9,241.14,248.45,154.75,3326599,802165601.0,15916,RELINFRA
2024-01-10,EQ,240.35,242.95,233.55,236.85,237.0,237.45,238.13,248.45,154.75,3617741,861476458.45,19855,RELINFRA
2024-01-09,EQ,243.5,248.45,235.35,241.0,237.05,236.85,241.03,248.45,154.75,4104065,989204708.35,23019,RELINFRA
2024-01-08,EQ,231.0,247.0,229.3,229.6,241.7,241.0,241.56,247.0,154.75,8677503,2096117260.85,40287,RELINFRA
2024-01-05,EQ,233.0,235.0,227.0,231.55,229.0,229.6,231.32,235.0,154.75,5627466,1301759246.55,28998,RELINFRA
2024-01-04,EQ,218.0,234.6,217.2,215.15,231.5,231.55,228.47,234.6,154.75,9664953,2208149648.75,45773,RELINFRA
2024-01-03,EQ,207.95,228.5,206.2,207.95,216.2,215.15,218.75,232.0,154.75,8927543,1952873237.4,36148,RELINFRA
2024-01-02,EQ,212.45,213.4,203.25,211.8,208.15,207.95,207.97,232.0,154.75,2939918,611404727.95,17716,RELINFRA
2024-01-01,EQ,211.0,216.3,209.8,209.8,211.0,211.8,212.56,232.0,154.75,4870790,1035332080.85,20648,RELINFRA
2023-12-29,EQ,190.5,209.85,190.5,190.8,209.85,209.8,205.11,232.0,154.75,8029326,1646855653.3,27602,RELINFRA
2023-12-28,EQ,196.0,196.0,190.1,194.7,190.4,190.8,192.47,232.0,154.75,1252849,241133740.15,8553,RELINFRA
2023-12-27,EQ,197.95,200.9,193.9,196.75,194.2,194.7,196.79,232.0,154.75,1487132,292655720.25,12641,RELINFRA
2023-12-26,EQ,195.7,199.95,191.65,193.05,196.6,196.75,195.83,232.0,154.75,1994187,390527567.2,15431,RELINFRA
2023-12-22,EQ,196.4,198.0,190.0,193.4,193.1,193.05,193.35,232.0,154.75,1516429,293199433.6,13751,RELINFRA
2023-12-21,EQ,189.0,194.8,185.55,190.8,194.0,193.4,191.87,232.0,154.75,3266166,626665967.3,28055,RELINFRA
2023-12-20,EQ,210.7,211.95,189.25,209.65,189.8,190.8,198.94,232.0,154.75,3654955,727110428.0,22584,RELINFRA
2023-12-19,EQ,214.3,217.2,208.55,213.45,209.6,209.65,212.71,232.0,154.75,1732170,368455400.7,9751,RELINFRA
2023-12-18,EQ,210.0,217.6,208.8,209.75,213.45,213.45,213.95,232.0,154.75,2018455,431852138.6,12737,RELINFRA
2023-12-15,EQ,214.5,217.75,207.5,214.6,209.5,209.75,211.73,232.0,154.75,2171676,459807632.45,18100,RELINFRA
2023-12-14,EQ,217.0,218.8,212.8,215.8,214.0,214.6,215.35,232.0,154.75,1768225,380778848.25,10170,RELINFRA
2023-12-13,EQ,211.95,217.9,211.95,211.65,215.65,215.8,215.47,232.0,154.75,1861892,401183821.25,11850,RELINFRA
2023-12-12,EQ,219.25,220.9,210.0,218.7,211.75,211.65,214.31,232.0,154.75,2679626,574259863.95,16320,RELINFRA
2023-12-11,EQ,216.4,224.95,215.2,214.75,218.45,218.7,219.72,232.0,154.75,2850295,626254630.75,16252,RELINFRA
2023-12-08,EQ,221.0,225.45,210.05,220.5,214.5,214.75,217.94,232.0,154.75,4351456,948355162.55,25578,RELINFRA
2023-12-07,EQ,217.4,232.0,208.25,212.4,220.5,220.5,220.65,232.0,154.75,9648348,2128907478.1,44697,RELINFRA
2023-12-06,EQ,205.0,212.4,203.65,202.3,212.4,212.4,209.57,212.4,154.75,4262296,893229232.8,14982,RELINFRA
2023-12-05,EQ,193.0,202.3,190.15,192.7,202.3,202.3,199.46,202.3,154.75,6228137,1242269905.1,20359,RELINFRA
2023-12-04,EQ,197.95,198.7,192.15,194.05,193.0,192.7,195.77,198.7,154.75,2270086,444414367.55,14100,RELINFRA
2023-12-01,EQ,192.05,196.4,191.0,189.75,193.55,194.05,194.17,196.4,152.1,3613619,701658478.2,15183,RELINFRA
2023-11-30,EQ,186.5,192.4,181.25,186.75,189.5,189.75,188.03,196.2,152.1,4124262,775497373.45,23995,RELINFRA
2023-11-29,EQ,178.7,186.75,177.9,177.9,186.75,186.75,182.74,196.2,152.1,2158403,394432939.1,11755,RELINFRA
2023-11-28,EQ,172.75,182.05,172.35,173.45,177.95,177.9,178.89,196.2,152.1,1941844,347372635.3,10022,RELINFRA
2023-11-24,EQ,175.0,176.8,171.7,174.25,173.25,173.45,173.8,196.2,140.0,842250,146379879.6,4676,RELINFRA
2023-11-23,EQ,175.0,178.6,173.85,174.85,174.0,174.25,176.09,196.2,140.0,1120005,197224335.85,5188,RELINFRA
2023-11-22,EQ,179.9,180.0,172.8,179.55,174.95,174.85,175.91,196.2,140.0,1299365,228571933.8,9305,RELINFRA
2023-11-21,EQ,183.5,184.2,179.0,182.75,179.3,179.55,181.21,196.2,140.0,656054,118885543.45,4784,RELINFRA
2023-11-20,EQ,187.4,187.4,182.1,186.0,182.95,182.75,184.59,196.2,140.0,846969,156338689.25,5241,RELINFRA
2023-11-17,EQ,181.25,190.3,181.25,182.2,185.85,186.0,186.84,196.2,140.0,3928483,733988016.8,19504,RELINFRA
2023-11-16,EQ,182.6,186.65,181.1,181.75,181.8,182.2,183.28,196.2,140.0,1419754,260210101.05,6344,RELINFRA
2023-11-15,EQ,183.2,184.9,180.35,181.15,181.0,181.75,182.84,196.2,140.0,1402167,256369868.95,8055,RELINFRA
2023-11-13,EQ,178.25,183.6,177.55,178.45,181.5,181.15,181.61,196.2,140.0,1682042,305475493.65,8602,RELINFRA
2023-11-12,EQ,179.2,179.9,177.8,177.3,178.4,178.45,178.83,196.2,140.0,225750,40370727.25,2017,RELINFRA
2023-11-10,EQ,176.0,180.0,175.25,178.1,176.9,177.3,177.65,196.2,140.0,897958,159517838.45,6028,RELINFRA
2023-11-09,EQ,179.9,184.35,177.3,179.1,178.95,178.1,181.78,196.2,140.0,1586733,288431908.2,8806,RELINFRA
2023-11-08,EQ,185.5,185.85,177.1,185.55,179.0,179.1,181.81,196.2,140.0,1789042,325270944.8,7533,RELINFRA
2023-11-07,EQ,184.45,187.0,181.2,183.35,184.45,185.55,184.0,196.2,140.0,1961112,360836076.5,8580,RELINFRA
2023-08-14,EQ,172.15,173.5,158.55,170.0,165.0,166.95,166.92,215.5,114.6,5558047,927729159.75,29392,RELINFRA
2023-08-11,EQ,176.85,180.0,166.75,175.85,168.0,170.0,175.51,215.5,114.4,7128853,1251158058.5,41996,RELINFRA
2023-08-10,EQ,192.5,194.0,172.5,191.45,176.85,175.85,182.32,215.5,114.4,6112980,1114501879.2,37707,RELINFRA
2023-08-09,EQ,192.5,196.1,186.0,194.7,192.4,191.45,191.63,215.5,114.4,5273173,1010523954.05,25313,RELINFRA
2023-08-08,EQ,210.4,210.4,192.9,210.05,194.0,194.7,200.12,215.5,114.4,5459480,1092532485.75,34056,RELINFRA
2023-08-07,EQ,201.95,215.5,201.95,199.15,210.8,210.05,209.59,215.5,114.4,14483972,3035764625.05,68237,RELINFRA
2023-08-04,EQ,189.0,201.4,188.15,187.05,196.9,199.15,195.86,201.4,114.4,11508329,2254002324.85,53302,RELINFRA
2023-08-03,EQ,182.0,188.55,178.0,181.2,187.8,187.05,183.52,201.35,114.4,6903355,1266881350.7,32945,RELINFRA
2023-08-02,EQ,182.75,186.25,175.5,183.8,181.3,181.2,181.48,201.35,114.4,5858830,1063284023.1,28322,RELINFRA
2023-08-01,EQ,187.0,188.55,180.5,188.85,183.35,183.8,184.53,201.35,114.4,4465638,824055367.95,26428,RELINFRA
2023-07-31,EQ,184.65,190.9,183.1,184.85,186.7,188.85,187.33,201.35,114.4,5919563,1108914672.8,33120,RELINFRA
2023-07-28,EQ,180.0,186.3,176.65,178.6,184.0,184.85,181.69,201.35,103.5,8727529,1585676252.95,46479,RELINFRA
2023-07-27,EQ,172.25,181.0,172.1,170.95,181.0,178.6,177.23,201.35,103.5,7958641,1410486325.5,43942,RELINFRA
2023-07-26,EQ,176.05,178.3,168.9,175.2,172.25,170.95,173.93,201.35,103.5,5082488,884019726.85,30187,RELINFRA
2023-07-25,EQ,163.7,176.4,160.9,162.6,175.0,175.2,171.76,201.35,103.5,10417687,1789342271.05,49339,RELINFRA
2023-07-24,EQ,164.3,168.15,161.6,163.05,162.75,162.6,164.88,201.35,103.5,4916533,810638519.15,22013,RELINFRA
2023-07-21,EQ,161.75,170.4,159.1,162.4,163.7,163.05,164.91,201.35,100.7,14936694,2463278127.4,53559,RELINFRA
2023-07-20,EQ,156.0,168.0,155.65,154.85,162.0,162.4,162.15,201.35,100.7,20549015,3331977988.65,72354,RELINFRA
2023-07-19,EQ,142.4,157.2,140.05,141.7,154.5,154.85,151.06,201.35,100.7,20736740,3132411534.5,75941,RELINFRA
2023-07-18,EQ,135.5,147.25,135.4,135.0,141.9,141.7,141.93,201.35,100.7,11131931,1579972837.95,42980,RELINFRA
2023-07-17,EQ,137.0,137.25,134.75,136.15,134.95,135.0,135.88,201.35,100.7,1335796,181503677.9,7347,RELINFRA
2023-07-14,EQ,136.5,137.1,135.35,136.45,136.15,136.15,136.02,201.35,94.2,979555,133237535.95,6144,RELINFRA
2023-07-13,EQ,138.35,139.05,135.25,137.55,136.25,136.45,136.97,201.35,94.2,1488533,203886606.6,8784,RELINFRA
2023-07-12,EQ,137.8,139.9,136.8,136.8,137.55,137.55,138.14,201.35,94.2,1804658,249289645.1,8830,RELINFRA
2023-07-11,EQ,136.8,141.4,136.25,135.65,137.0,136.8,138.75,201.35,94.2,2428051,336904155.05,11962,RELINFRA
2023-07-10,EQ,139.0,139.3,135.05,138.6,135.45,135.65,136.97,201.35,94.2,1026548,140606765.0,6585,RELINFRA
2023-07-07,EQ,139.0,140.5,136.75,138.75,138.3,138.6,138.56,201.35,91.1,1947768,269886431.5,9500,RELINFRA
2023-07-06,EQ,138.9,141.4,137.95,138.5,139.0,138.75,139.84,201.35,91.1,2518600,352211695.5,13604,RELINFRA
2023-07-05,EQ,137.85,144.4,137.25,137.1,138.0,138.5,140.65,201.35,91.1,4172153,586795558.7,21903,RELINFRA
2023-07-04,EQ,140.5,141.0,136.7,139.65,137.0,137.1,138.42,201.35,91.1,1898039,262723565.1,10797,RELINFRA
2023-07-03,EQ,139.35,141.6,137.5,138.25,140.2,139.65,139.52,201.35,91.1,1737640,242428244.25,10397,RELINFRA
2023-06-30,EQ,140.2,140.8,138.0,138.95,138.1,138.25,139.06,201.35,88.25,902086,125442386.65,7028,RELINFRA
2023-06-28,EQ,142.6,143.5,138.0,141.25,139.0,138.95,140.76,201.35,88.25,1382211,194565756.3,8929,RELINFRA
2023-06-27,EQ,141.4,143.25,140.05,140.2,140.7,141.25,141.35,201.35,88.25,1806735,255383797.85,10852,RELINFRA
2023-06-26,EQ,144.2,144.5,138.85,143.25,139.85,140.2,140.85,201.35,88.25,2027061,285501641.65,10782,RELINFRA
2023-06-23,EQ,145.6,145.6,142.45,145.15,143.55,143.25,143.73,201.35,80.8,1338543,192386124.45,6833,RELINFRA
2023-06-22,EQ,148.45,151.3,143.5,147.75,145.0,145.15,147.36,201.35,80.8,1984324,292401621.45,12336,RELINFRA
2023-06-21,EQ,147.2,149.75,145.55,146.5,147.7,147.75,147.85,201.35,80.8,2290641,338681368.7,12401,RELINFRA
2023-06-20,EQ,151.85,152.2,145.35,150.75,146.05,146.5,148.6,201.35,80.8,3101771,460910898.5,15682,RELINFRA
2023-06-19,EQ,153.5,158.0,150.0,151.55,150.3,150.75,154.46,201.35,80.8,7330638,1132324578.1,28191,RELINFRA
2023-06-16,EQ,150.75,155.25,150.7,149.45,151.45,151.55,152.74,201.35,80.8,5272556,805331364.9,20334,RELINFRA
2023-06-15,EQ,149.85,153.2,148.2,149.95,149.4,149.45,150.41,201.35,80.8,4482962,674294959.35,20173,RELINFRA
2023-06-14,EQ,144.7,152.5,143.05,143.85,149.25,149.95,149.56,201.35,80.8,9256186,1384362374.85,40489,RELINFRA
2023-06-13,EQ,140.65,146.3,140.25,139.4,143.7,143.85,143.59,201.35,80.8,4669256,670453313.55,25830,RELINFRA
2023-06-12,EQ,137.7,141.85,136.9,137.2,139.6,139.4,139.62,201.35,80.8,3495796,488066995.4,17582,RELINFRA
2023-06-09,EQ,138.15,138.75,135.8,137.05,136.6,137.2,137.21,201.35,80.8,1285143,176335468.5,8243,RELINFRA
2023-06-08,EQ,136.3,143.2,136.1,136.05,137.25,137.05,139.23,201.35,80.8,3658660,509407391.4,21125,RELINFRA
2023-06-07,EQ,133.55,139.0,132.35,132.5,135.6,136.05,136.56,201.35,80.8,4038980,551572951.35,18563,RELINFRA
2023-06-06,EQ,133.7,134.1,131.5,132.8,132.4,132.5,132.81,201.35,80.8,1338181,177728021.45,8149,RELINFRA
2023-06-05,EQ,135.8,136.45,132.2,134.6,132.5,132.8,134.14,201.35,80.8,1402403,188117531.6,8783,RELINFRA
2023-06-02,EQ,134.95,138.55,134.0,133.95,134.75,134.6,135.81,201.35,80.8,1632751,221750657.7,9938,RELINFRA
2023-06-01,EQ,134.6,137.2,133.5,134.7,133.8,133.95,135.21,201.35,80.8,1287812,174118944.4,7372,RELINFRA
2023-05-31,EQ,134.35,137.5,132.25,138.6,134.5,134.7,134.97,201.35,80.8,3097207,418022280.95,15349,RELINFRA
2023-05-30,EQ,139.85,141.2,138.0,139.65,138.9,138.6,139.42,201.35,80.8,1077704,150252309.55,8276,RELINFRA
2023-05-29,EQ,138.7,140.9,138.15,138.0,139.2,139.65,139.59,201.35,80.8,1314674,183508965.65,8486,RELINFRA
2023-05-26,EQ,139.6,142.1,137.2,138.9,138.6,138.0,139.56,201.35,80.8,2135801,298082257.95,14407,RELINFRA
2023-05-25,EQ,139.35,145.4,137.7,138.6,139.2,138.9,141.37,201.35,80.8,4042738,571512676.5,27110,RELINFRA
2023-05-24,EQ,139.4,144.0,137.5,139.65,138.85,138.6,140.96,201.35,80.8,2155057,303776999.35,14443,RELINFRA
2023-05-23,EQ,134.75,145.8,133.6,134.65,139.4,139.65,141.19,201.35,80.8,5899807,833005239.2,35906,RELINFRA
2023-05-22,EQ,138.3,138.75,133.85,137.45,134.0,134.65,135.77,201.35,80.8,1175031,159536842.0,8383,RELINFRA
2023-05-19,EQ,137.0,140.4,131.4,135.9,137.4,137.45,135.45,201.35,80.8,3966670,537300809.0,19784,RELINFRA
2023-05-18,EQ,138.35,140.5,135.0,137.1,136.3,135.9,137.72,201.35,80.8,2062718,284079272.65,11526,RELINFRA
2023-05-17,EQ,141.0,142.45,136.4,140.9,137.5,137.1,138.38,201.35,80.8,1348528,186613476.0,9561,RELINFRA
2023-05-16,EQ,143.5,147.1,140.55,144.15,140.85,140.9,143.86,201.35,80.8,1866964,268590657.0,11294,RELINFRA
2023-05-15,EQ,146.65,147.4,143.5,146.6,144.35,144.15,144.72,201.35,80.8,851364,123212339.25,7308,RELINFRA
2023-05-12,EQ,147.85,150.3,146.05,147.85,146.6,146.6,148.11,201.35,80.8,1121430,166098284.55,6968,RELINFRA
2023-05-11,EQ,148.9,149.95,146.5,148.8,147.4,147.85,147.59,201.35,80.8,1333676,196837284.3,7766,RELINFRA
2023-05-10,EQ,150.95,151.7,147.75,150.3,147.9,148.8,149.26,201.35,80.8,839843,125355051.9,6826,RELINFRA
2023-05-09,EQ,151.1,153.4,148.45,152.45,150.5,150.3,150.67,201.35,80.8,1732308,261008214.35,10215,RELINFRA
2023-05-08,EQ,155.1,156.0,151.1,153.6,152.5,152.45,153.05,201.35,80.8,1162009,177849104.0,7577,RELINFRA
2023-05-05,EQ,153.8,157.5,152.15,154.55,154.2,153.6,154.7,201.35,80.8,1737610,268806465.55,10737,RELINFRA
2023-05-04,EQ,154.4,157.8,153.6,153.75,154.0,154.55,155.56,201.35,80.8,1638221,254847849.65,10200,RELINFRA
2023-05-03,EQ,154.0,156.8,150.85,154.95,153.8,153.75,154.14,201.35,80.8,1730231,266693318.85,12487,RELINFRA
2023-05-02,EQ,158.95,159.45,154.3,157.55,155.0,154.95,156.59,201.35,80.8,1262838,197744394.75,9478,RELINFRA
2023-04-28,EQ,161.7,163.1,155.9,160.7,157.6,157.55,159.59,201.35,80.8,1845188,294475784.05,14965,RELINFRA
2023-04-27,EQ,154.2,163.15,153.2,153.6,160.0,160.7,159.85,201.35,80.8,5213009,833279800.05,28961,RELINFRA
2023-04-26,EQ,157.8,158.65,153.1,157.9,153.55,153.6,155.62,201.35,80.8,1272409,198009701.4,9717,RELINFRA
2023-04-25,EQ,157.95,160.8,157.4,157.85,158.5,157.9,158.96,201.35,80.8,1778643,282739926.7,12515,RELINFRA
2023-04-24,EQ,160.8,161.4,156.75,159.35,157.0,157.85,159.15,201.35,80.8,1107065,176191845.6,7589,RELINFRA
2023-04-21,EQ,160.3,163.85,157.3,159.55,159.15,159.35,160.77,201.35,80.8,2658208,427367555.15,16336,RELINFRA
2023-04-20,EQ,160.3,161.45,158.65,159.2,159.1,159.55,159.96,201.35,80.8,1528868,244551232.85,10868,RELINFRA
2023-04-19,EQ,159.05,164.2,157.3,159.65,159.0,159.2,160.73,201.35,80.8,2806166,451021814.65,21130,RELINFRA
2023-04-18,EQ,161.35,163.0,158.25,162.0,159.0,159.65,160.5,201.35,80.8,1991071,319576593.85,15591,RELINFRA
2023-04-17,EQ,164.5,166.05,160.55,165.55,161.0,162.0,163.27,201.35,80.8,2627397,428984500.0,17768,RELINFRA
2023-04-13,EQ,155.0,168.85,154.45,155.7,163.9,165.55,162.38,201.35,80.8,6242789,1013734104.8,38653,RELINFRA
2023-04-12,EQ,157.9,159.7,155.05,157.35,155.3,155.7,157.27,201.35,80.8,2691319,423252689.0,23249,RELINFRA
2023-04-11,EQ,147.95,161.25,147.55,146.8,156.85,157.35,156.36,201.35,80.8,7879641,1232026230.8,44426,RELINFRA
2023-04-10,EQ,151.9,152.8,146.05,151.4,146.9,146.8,149.64,201.35,80.8,1181455,176797776.1,6496,RELINFRA
2023-04-06,EQ,151.8,155.25,149.9,151.4,151.6,151.4,152.39,201.35,80.8,2207146,336337007.45,18208,RELINFRA
2023-04-05,EQ,146.95,154.2,145.55,146.4,150.85,151.4,149.84,201.35,80.8,2718242,407312378.0,15857,RELINFRA
2023-04-03,EQ,145.9,147.5,145.1,144.25,145.95,146.4,146.45,201.35,80.8,1067769,156377363.85,9169,RELINFRA
2023-03-31,EQ,142.85,145.65,142.6,141.55,144.5,144.25,144.22,201.35,80.8,2355256,339683054.95,34947,RELINFRA
2023-03-29,EQ,136.55,143.9,135.75,137.5,141.5,141.55,141.3,201.35,80.8,3519899,497368135.65,23001,RELINFRA
2023-03-28,EQ,142.45,142.95,136.5,142.2,137.4,137.5,139.65,201.35,80.8,1296373,181036915.35,10456,RELINFRA
2023-03-27,EQ,144.45,144.8,141.6,143.1,142.5,142.2,142.5,201.35,80.8,1050458,149688950.0,11253,RELINFRA
2023-03-24,EQ,148.3,149.35,142.4,148.2,143.05,143.1,145.48,201.35,80.8,1200721,174675019.05,8138,RELINFRA
2023-03-23,EQ,148.65,151.0,147.25,148.9,148.15,148.2,148.39,201.35,80.8,1360324,201855766.2,13911,RELINFRA
2023-03-22,EQ,147.6,150.4,146.45,146.85,148.0,148.9,148.04,201.35,80.8,1222728,181011334.0,12831,RELINFRA
2023-03-21,EQ,149.05,150.6,145.5,148.05,146.5,146.85,147.36,201.35,80.8,1645929,242544521.05,13915,RELINFRA
2023-03-20,EQ,149.0,154.7,144.85,148.65,148.0,148.05,149.94,201.35,80.8,4212014,631563842.0,35594,RELINFRA
2023-03-17,EQ,143.1,153.0,143.1,141.25,150.0,148.65,148.61,201.35,80.8,10471294,1556140872.45,34192,RELINFRA
2023-03-16,EQ,146.5,146.5,140.65,146.7,141.0,141.25,142.98,201.35,80.8,1371398,196079248.5,18681,RELINFRA
2023-03-15,EQ,146.95,149.2,144.55,144.3,146.25,146.7,146.99,201.35,80.8,2242191,329587436.6,23962,RELINFRA
2023-03-14,EQ,140.1,145.8,135.75,139.65,144.0,144.3,140.51,201.35,80.8,2061427,289656908.8,18729,RELINFRA
2023-03-13,EQ,147.2,148.2,138.15,147.25,139.0,139.65,141.99,201.35,80.8,2048610,290873016.95,18279,RELINFRA
2023-03-10,EQ,144.75,149.4,142.65,146.35,146.75,147.25,146.56,201.35,80.8,3009122,441030038.5,22617,RELINFRA
2023-03-09,EQ,153.5,155.4,143.5,153.8,146.0,146.35,149.32,201.35,80.8,3536669,528082920.25,22148,RELINFRA
2023-03-08,EQ,140.8,154.85,138.95,140.8,153.1,153.8,149.7,201.35,80.8,5066114,758394751.2,30415,RELINFRA
2023-03-06,EQ,143.9,145.8,139.6,143.25,140.8,140.8,143.08,201.35,80.8,2036128,291333301.9,14315,RELINFRA
2023-03-03,EQ,136.8,144.6,135.5,135.8,142.8,143.25,140.61,201.35,80.8,3574241,502574900.85,24501,RELINFRA
2023-03-02,EQ,137.45,139.4,133.75,135.7,134.6,135.8,137.1,201.35,80.8,1795917,246212048.25,12779,RELINFRA
2023-03-01,EQ,133.2,137.0,131.3,130.7,136.25,135.7,134.85,201.35,80.8,2433488,328146863.45,18299,RELINFRA
2023-02-28,EQ,128.55,132.8,127.0,127.75,131.0,130.7,129.15,201.35,80.8,2195389,283543200.85,15174,RELINFRA
2023-02-27,EQ,126.95,136.5,126.0,126.95,127.95,127.75,132.1,201.35,80.8,5044701,666382905.35,30751,RELINFRA
2023-02-24,EQ,117.95,127.35,116.8,115.8,127.35,126.95,125.03,201.35,80.8,3497721,437310744.75,25535,RELINFRA
2023-02-23,EQ,119.0,119.0,114.6,118.55,115.5,115.8,116.02,201.35,80.8,1110598,128848974.25,8190,RELINFRA
2023-02-22,EQ,120.45,120.6,117.1,120.8,117.7,118.55,118.43,201.35,80.8,1551085,183702241.95,12686,RELINFRA
2023-02-21,EQ,124.2,124.55,120.0,123.65,120.45,120.8,122.06,201.35,80.8,763741,93225429.0,8176,RELINFRA
2023-02-20,EQ,127.5,127.7,122.65,127.05,123.3,123.65,124.38,201.35,80.8,1273097,158352522.55,10714,RELINFRA
2023-02-17,EQ,130.95,131.7,125.85,129.55,127.0,127.05,128.91,201.35,80.8,1158643,149357642.8,9179,RELINFRA
2023-02-16,EQ,129.75,131.65,128.1,128.45,129.1,129.55,129.63,201.35,80.8,657342,85208074.9,7109,RELINFRA
2023-02-15,EQ,123.9,128.9,122.5,123.3,128.45,128.45,126.57,201.35,80.8,1158813,146668783.6,12054,RELINFRA
2023-02-14,EQ,128.2,129.0,122.3,127.55,123.1,123.3,124.42,201.35,80.8,822493,102336852.9,6862,RELINFRA
2023-02-13,EQ,132.15,134.5,126.5,130.95,127.55,127.55,130.98,201.35,80.8,1077274,141100709.95,10408,RELINFRA
2023-02-10,EQ,127.2,132.0,126.65,127.3,131.55,130.95,129.88,201.35,80.8,858592,111512752.1,8142,RELINFRA
2023-02-09,EQ,124.45,129.3,123.6,123.55,127.35,127.3,126.82,201.35,80.8,1154412,146400189.9,8767,RELINFRA
2023-02-08,EQ,123.9,125.0,122.5,123.25,123.5,123.55,123.69,201.35,80.8,608664,75284621.15,5129,RELINFRA
2023-02-07,EQ,125.0,126.45,122.1,124.45,123.5,123.25,123.62,201.35,80.8,658418,81393136.0,7020,RELINFRA
2023-02-06,EQ,119.7,126.6,119.5,121.4,123.5,124.45,123.53,201.35,80.8,1205797,148947538.25,10006,RELINFRA
2023-02-03,EQ,121.0,124.6,115.35,121.3,123.15,121.4,118.74,201.35,80.8,1573613,186848133.35,10139,RELINFRA
2023-02-02,EQ,122.05,125.9,118.8,122.25,122.0,121.3,122.47,201.35,80.8,1155689,141532756.0,11693,RELINFRA
2023-02-01,EQ,127.0,130.7,120.35,125.1,122.4,122.25,127.03,201.35,80.8,1374551,174612899.45,14120,RELINFRA
2023-01-31,EQ,121.0,125.1,119.35,119.15,125.1,125.1,122.88,201.35,80.8,881510,108321370.6,6878,RELINFRA
2023-01-30,EQ,120.1,123.8,117.55,121.9,120.9,119.15,120.45,201.35,80.8,1210695,145831553.4,9437,RELINFRA
2023-01-27,EQ,128.05,130.4,121.75,128.15,122.4,121.9,123.4,201.35,80.8,1348564,166410872.15,9295,RELINFRA
2023-01-25,EQ,132.05,132.9,127.65,132.1,128.05,128.15,129.05,201.35,80.8,742820,95863068.9,6169,RELINFRA
2023-01-24,EQ,135.05,135.15,131.75,133.7,132.1,132.1,133.32,201.35,80.8,469018,62530424.4,4129,RELINFRA
2023-01-23,EQ,139.0,139.0,132.9,136.25,133.7,133.7,134.87,201.35,80.8,591735,79805448.15,4733,RELINFRA
2023-01-20,EQ,137.5,140.3,135.7,137.5,137.45,136.25,137.06,201.35,80.8,1399790,191850886.55,5717,RELINFRA
2023-01-19,EQ,139.25,142.75,137.0,139.5,137.7,137.5,139.92,201.35,80.8,749354,104846321.65,5863,RELINFRA
2023-01-18,EQ,141.9,142.85,139.0,141.3,139.1,139.5,140.76,201.35,80.8,718448,101130703.05,6546,RELINFRA
2023-01-17,EQ,141.6,145.0,140.25,139.25,140.85,141.3,142.57,201.35,80.8,1635698,233197214.3,11595,RELINFRA
2023-01-16,EQ,134.15,139.25,133.8,132.65,139.25,139.25,137.73,201.35,80.8,716375,98667104.45,3736,RELINFRA
2023-01-13,EQ,133.0,134.45,131.55,132.3,132.4,132.65,132.93,201.35,80.8,760923,101146429.85,5734,RELINFRA
2023-01-12,EQ,135.1,135.6,131.5,134.3,132.1,132.3,132.8,201.35,80.8,727931,96667534.75,4849,RELINFRA
2023-01-11,EQ,134.1,135.25,132.85,133.0,134.6,134.3,134.11,201.35,80.8,537859,72130758.55,3459,RELINFRA
2023-01-10,EQ,136.4,136.65,132.7,135.05,133.3,133.0,134.61,201.35,80.8,481501,64812593.15,4142,RELINFRA
2023-01-09,EQ,132.55,135.8,131.5,130.2,135.4,135.05,134.1,201.35,80.8,820578,110038519.8,5311,RELINFRA
2023-01-06,EQ,134.4,134.5,129.8,133.75,130.5,130.2,131.38,201.35,80.8,1128076,148201718.15,6193,RELINFRA
2023-01-05,EQ,137.8,137.9,131.95,136.45,133.5,133.75,134.38,201.35,80.8,1120318,150548924.45,7933,RELINFRA
2023-01-04,EQ,138.9,140.5,135.0,138.6,136.25,136.45,137.61,201.35,80.8,838291,115354277.85,6057,RELINFRA
2023-01-03,EQ,137.7,142.3,137.5,137.85,138.95,138.6,139.83,201.35,80.8,788896,110311943.95,6682,RELINFRA
2023-01-02,EQ,139.45,139.9,136.85,137.7,137.6,137.85,138.39,201.35,80.8,643832,89100243.45,8131,RELINFRA
2022-12-30,EQ,136.7,140.85,136.5,135.8,137.05,137.7,138.52,201.35,80.8,950381,131648615.35,5642,RELINFRA
2022-12-29,EQ,136.5,137.05,133.6,136.5,135.9,135.8,135.47,201.35,80.8,880834,119323192.2,6789,RELINFRA
2022-12-28,EQ,134.7,141.3,134.35,134.6,136.0,136.5,138.53,201.35,80.8,2098211,290672106.6,11325,RELINFRA
2022-12-27,EQ,129.1,134.6,127.4,128.2,134.6,134.6,132.12,201.35,80.8,1939011,256176511.35,10022,RELINFRA
2022-12-26,EQ,125.0,132.4,122.3,128.7,127.05,128.2,127.39,201.35,80.8,4057278,516839517.8,16741,RELINFRA
2022-12-23,EQ,131.1,133.0,128.7,135.45,128.7,128.7,129.48,201.35,80.8,1476930,191228525.4,4721,RELINFRA
2022-12-22,EQ,142.4,144.0,135.45,142.55,135.45,135.45,137.3,201.35,80.8,1971677,270717056.45,9684,RELINFRA
2022-12-21,EQ,150.55,150.8,142.35,149.8,142.35,142.55,145.4,201.35,80.8,1529900,222445887.0,7186,RELINFRA
2022-12-20,EQ,151.0,152.0,148.2,150.65,149.55,149.8,149.72,201.35,80.8,654972,98059417.45,4157,RELINFRA
2022-12-19,EQ,151.7,152.95,149.5,151.1,150.0,150.65,151.06,201.35,80.8,646768,97699506.6,5554,RELINFRA
2022-12-16,EQ,151.9,154.7,149.6,148.9,151.35,151.1,152.27,201.35,80.8,1931417,294097281.4,11827,RELINFRA
2022-12-15,EQ,154.0,155.7,148.85,156.65,148.85,148.9,152.39,201.35,80.8,2178314,331961290.35,13286,RELINFRA
2022-12-14,EQ,155.6,161.7,153.15,157.25,155.6,156.65,157.41,201.35,80.8,3110155,489578311.65,16441,RELINFRA
2022-12-13,EQ,164.0,164.0,156.75,161.8,157.3,157.25,160.63,201.35,80.8,1937271,311178696.45,13272,RELINFRA
2022-12-12,EQ,155.25,162.45,153.0,154.75,160.85,161.8,159.1,201.35,80.8,2971065,472683614.4,19852,RELINFRA
2022-12-09,EQ,155.3,160.7,154.1,154.05,154.15,154.75,157.06,201.35,80.8,1378551,216514242.3,8830,RELINFRA
2022-12-08,EQ,154.2,156.8,152.1,154.2,154.05,154.05,154.65,201.35,80.8,596748,92287724.7,5702,RELINFRA
2022-12-07,EQ,157.55,157.7,152.55,156.4,154.0,154.2,155.07,201.35,80.8,651013,100952131.2,7060,RELINFRA
2022-12-06,EQ,155.5,160.65,155.3,157.9,155.65,156.4,157.68,201.35,80.8,1088807,171682858.6,5944,RELINFRA
2022-09-12,EQ,167.0,178.0,165.3,162.45,174.0,174.2,173.45,201.35,80.8,8493051,1473144988.55,59158,RELINFRA
2022-09-09,EQ,180.0,181.0,162.3,180.3,162.3,162.45,167.78,201.35,80.8,9760444,1637567005.1,61564,RELINFRA
2022-09-08,EQ,182.7,186.5,179.3,180.7,180.2,180.3,182.19,201.35,80.8,4685796,853713163.3,28987,RELINFRA
2022-09-07,EQ,178.05,187.35,177.7,178.75,180.4,180.7,182.23,201.35,80.8,6178203,1125848427.85,40732,RELINFRA
2022-09-06,EQ,184.35,186.4,176.4,182.7,178.4,178.75,180.75,201.35,80.8,6702588,1211462639.55,46380,RELINFRA
2022-09-05,EQ,180.2,193.8,175.0,179.15,182.55,182.7,185.93,201.35,80.8,20711878,3850908054.1,115489,RELINFRA
2022-09-02,EQ,196.85,201.35,176.35,193.85,177.85,179.15,187.87,201.35,80.8,28620266,5376923571.5,160536,RELINFRA
2022-09-01,EQ,161.0,194.4,160.4,162.0,194.4,193.85,183.98,194.4,80.8,39082903,7190338115.7,196175,RELINFRA
2022-08-30,EQ,160.95,164.95,158.1,158.75,161.95,162.0,161.89,168.6,80.8,7921506,1282398153.9,39889,RELINFRA
2022-08-29,EQ,152.8,168.6,151.65,157.35,158.3,158.75,161.47,168.6,80.8,19840947,3203620180.35,102907,RELINFRA
2022-08-26,EQ,141.45,164.4,141.05,139.75,158.45,157.35,154.43,164.4,80.8,28998409,4478292702.9,131167,RELINFRA
2022-08-25,EQ,141.5,143.25,138.3,139.7,139.65,139.75,140.99,150.0,80.8,3058022,431151765.9,15929,RELINFRA
2022-08-24,EQ,135.0,144.45,134.7,138.7,140.65,139.7,140.45,150.0,80.8,6962857,977902369.25,41276,RELINFRA
2022-08-23,EQ,140.4,144.3,135.55,140.7,138.0,138.7,139.53,150.0,80.8,6314648,881066212.9,29698,RELINFRA
2022-08-22,EQ,135.0,146.45,134.8,135.6,140.15,140.7,141.91,150.0,80.8,14000220,1986776241.15,71238,RELINFRA
2022-08-19,EQ,130.9,138.6,130.2,129.9,135.15,135.6,134.37,150.0,80.8,10438601,1402674458.3,53731,RELINFRA
2022-08-18,EQ,122.55,133.6,122.05,121.8,130.5,129.9,129.12,150.0,80.8,8977810,1159217726.45,50771,RELINFRA
2022-08-17,EQ,117.1,123.45,116.35,116.55,121.75,121.8,120.38,150.0,80.8,3660974,440722029.3,23462,RELINFRA
2022-08-16,EQ,116.4,118.3,115.9,115.15,116.5,116.55,116.95,150.0,80.8,1566813,183240289.95,9617,RELINFRA
2022-08-12,EQ,115.5,118.2,114.6,115.35,115.3,115.15,116.04,150.0,80.8,1748744,202930749.0,9874,RELINFRA
2022-08-11,EQ,118.25,118.7,114.5,117.55,115.1,115.35,116.63,150.0,80.8,1633029,190454032.0,9151,RELINFRA
2022-08-10,EQ,116.5,119.8,114.5,115.85,117.0,117.55,117.38,150.0,80.8,2831997,332424015.45,16776,RELINFRA
2022-08-08,EQ,120.85,120.85,114.4,120.0,115.3,115.85,116.56,150.0,80.8,2696800,314337882.65,14666,RELINFRA
2022-08-05,EQ,122.0,124.0,119.05,121.35,119.6,120.0,121.65,150.0,80.8,1735286,211105797.5,12410,RELINFRA
2022-08-04,EQ,125.9,126.65,116.2,125.05,120.75,121.35,121.78,150.0,80.8,2986432,363693480.9,18583,RELINFRA
2022-08-03,EQ,128.85,129.9,124.15,128.7,125.0,125.05,126.46,150.0,80.8,3060840,387068009.1,18075,RELINFRA
2022-08-02,EQ,122.9,131.45,122.2,123.25,128.0,128.7,127.5,150.0,80.8,6262606,798497697.7,37814,RELINFRA
2022-08-01,EQ,117.25,124.6,115.8,117.1,122.75,123.25,121.52,150.0,80.8,4578316,556375799.5,28658,RELINFRA
2022-07-29,EQ,114.5,119.0,110.7,114.25,117.6,117.1,115.69,150.0,80.8,3149449,364368416.45,17212,RELINFRA
2022-07-28,EQ,117.5,117.7,113.5,115.85,114.3,114.25,115.42,150.0,80.8,1524371,175940934.9,11951,RELINFRA
2022-07-27,EQ,115.2,119.9,114.5,113.9,115.55,115.85,117.03,150.0,80.8,4304471,503772233.8,32651,RELINFRA
2022-07-26,EQ,104.25,121.8,104.0,104.25,113.75,113.9,115.74,150.0,80.8,13612880,1575543038.65,89497,RELINFRA
2022-07-25,EQ,104.5,104.95,103.5,104.5,104.5,104.25,103.9,150.0,80.8,913594,94926751.05,4915,RELINFRA
2022-07-22,EQ,106.4,107.0,103.65,105.8,104.8,104.5,104.92,150.0,80.8,1214901,127465474.05,7072,RELINFRA
2022-07-21,EQ,104.65,107.0,103.8,104.4,105.65,105.8,105.79,150.0,80.8,1898268,200823719.55,9797,RELINFRA
2022-07-20,EQ,103.6,106.0,102.8,102.3,104.2,104.4,104.57,150.0,80.8,1912288,199976962.8,10478,RELINFRA
2022-07-19,EQ,101.75,104.6,100.7,102.25,102.2,102.3,102.4,150.0,80.8,1976618,202397053.45,9846,RELINFRA
2022-07-18,EQ,101.1,103.0,101.0,99.45,102.15,102.25,102.08,150.0,80.8,1143654,116748757.45,7315,RELINFRA
2022-07-15,EQ,100.35,101.15,98.8,100.4,99.5,99.45,99.46,150.0,80.8,773178,76901755.55,4497,RELINFRA
2022-07-14,EQ,102.8,102.8,99.5,101.65,100.0,100.4,101.19,150.0,80.8,863781,87407885.8,5254,RELINFRA
2022-07-13,EQ,103.3,103.85,101.0,102.6,102.5,101.65,101.72,150.0,80.8,1368205,139180566.9,7610,RELINFRA
2022-07-12,EQ,100.7,105.5,100.05,101.35,102.65,102.6,102.68,150.0,80.8,2250661,231107051.55,16722,RELINFRA
2022-07-11,EQ,95.0,102.8,94.2,94.8,100.75,101.35,99.28,150.0,80.8,3016948,299526536.2,21313,RELINFRA
2022-07-08,EQ,95.7,95.85,93.5,94.9,94.2,94.8,94.53,150.0,80.8,1359425,128512579.4,5361,RELINFRA
2022-07-07,EQ,92.9,95.9,91.9,91.75,95.15,94.9,94.2,150.0,80.8,1532604,144374235.7,8010,RELINFRA
2022-07-06,EQ,93.2,93.4,91.3,93.15,92.0,91.75,92.09,150.0,80.8,533623,49139996.3,4005,RELINFRA
2022-07-05,EQ,95.0,95.95,92.6,94.5,93.05,93.15,94.18,150.0,80.8,839571,79074622.85,6596,RELINFRA
2022-07-04,EQ,92.15,94.9,91.1,91.1,94.8,94.5,93.15,150.0,80.8,1053289,98113917.3,8150,RELINFRA
2022-07-01,EQ,90.6,91.85,88.25,90.6,91.7,91.1,89.75,150.0,80.8,1181457,106036690.2,6788,RELINFRA
2022-06-30,EQ,92.25,93.4,90.4,92.1,90.7,90.6,91.32,150.0,80.8,715388,65332315.3,4837,RELINFRA
2022-06-29,EQ,91.5,94.85,91.1,92.2,92.4,92.1,92.92,150.0,80.8,1126742,104702455.65,8301,RELINFRA
2022-06-28,EQ,92.75,93.25,91.6,93.1,92.3,92.2,92.33,150.0,80.8,852555,78718915.85,4791,RELINFRA
2022-06-27,EQ,92.0,95.0,91.65,90.7,93.05,93.1,93.48,150.0,80.8,1491409,139411769.25,9164,RELINFRA
2022-06-24,EQ,91.5,92.5,90.45,90.3,90.7,90.7,91.13,150.0,80.8,1128854,102867187.85,7470,RELINFRA
2022-06-23,EQ,92.0,93.75,89.2,91.2,90.6,90.3,91.74,150.0,80.8,1441018,132197657.95,15789,RELINFRA
2022-06-22,EQ,93.9,95.0,90.5,94.5,90.8,91.2,92.74,150.0,80.8,1207988,112024100.95,11195,RELINFRA
2022-06-21,EQ,91.9,94.9,89.5,90.65,94.75,94.5,92.89,150.0,80.8,1730628,160752499.4,10072,RELINFRA
2022-06-20,EQ,95.8,96.65,80.8,95.6,91.45,90.65,89.55,150.0,80.8,2742924,245624628.6,20727,RELINFRA
2022-06-17,EQ,95.55,97.45,94.55,95.4,95.5,95.6,95.7,150.0,80.0,1726018,165179069.0,13440,RELINFRA
2022-06-16,EQ,97.0,98.9,94.2,95.5,96.4,95.4,96.94,150.0,80.0,3442148,333696782.45,31333,RELINFRA
2022-06-15,EQ,97.85,99.1,95.0,95.75,95.6,95.5,97.33,150.0,80.0,2204517,214561381.1,20863,RELINFRA
2022-06-14,EQ,97.0,101.4,95.15,96.95,96.1,95.75,98.69,150.0,80.0,2326227,229576902.6,18001,RELINFRA
2022-06-13,EQ,100.9,101.6,95.75,103.6,97.05,96.95,99.03,150.0,80.0,2245759,222396032.65,17885,RELINFRA
2022-06-10,EQ,103.5,105.7,102.75,104.45,103.2,103.6,103.97,150.0,70.1,1521191,158164070.8,8310,RELINFRA
2022-06-09,EQ,104.95,106.4,103.2,104.85,104.3,104.45,104.9,150.0,70.1,1127229,118247130.15,8379,RELINFRA
2022-06-08,EQ,106.2,109.5,104.1,105.5,105.1,104.85,107.09,150.0,70.1,4502450,482177076.65,63397,RELINFRA
2022-06-07,EQ,105.2,108.95,104.0,105.15,105.2,105.5,106.25,150.0,70.1,1798891,191128149.25,12688,RELINFRA
2022-06-06,EQ,107.75,107.8,104.0,106.6,104.85,105.15,105.31,150.0,70.1,1003963,105730948.0,6368,RELINFRA
2022-06-03,EQ,111.05,111.05,105.2,109.3,107.2,106.6,107.61,150.0,60.2,1451504,156201567.7,7856,RELINFRA
2022-06-02,EQ,107.95,111.3,107.8,108.05,109.7,109.3,109.56,150.0,60.2,1500661,164414244.8,10495,RELINFRA
2022-06-01,EQ,110.0,111.2,107.1,107.95,107.45,108.05,108.99,150.0,60.2,2016533,219772686.95,13262,RELINFRA
2022-05-31,EQ,102.0,109.8,101.6,102.55,108.1,107.95,107.21,150.0,60.2,3287580,352473047.3,20669,RELINFRA
2022-05-30,EQ,100.85,104.4,100.25,99.85,102.7,102.55,102.49,150.0,60.2,1058373,108472529.7,8320,RELINFRA
2022-05-27,EQ,101.6,102.3,99.0,100.35,99.1,99.85,100.41,150.0,52.1,1102767,110731300.2,6547,RELINFRA
2022-05-26,EQ,101.45,101.9,94.4,100.65,100.4,100.35,98.48,150.0,52.1,1414181,139274325.55,10274,RELINFRA
2022-05-25,EQ,102.05,102.6,99.0,100.9,100.45,100.65,100.35,150.0,52.1,1441851,144696073.65,6745,RELINFRA
2022-05-24,EQ,102.5,102.85,100.4,101.7,100.7,100.9,101.56,150.0,52.1,959803,97481854.4,6766,RELINFRA
2022-05-23,EQ,105.35,105.35,100.65,104.0,103.0,101.7,103.1,150.0,52.1,906988,93508576.5,7574,RELINFRA
2022-05-20,EQ,105.0,106.7,103.1,102.1,103.35,104.0,104.73,150.0,49.0,1502352,157340898.05,8447,RELINFRA
2022-05-19,EQ,99.05,103.1,99.05,104.1,102.9,102.1,101.16,150.0,49.0,1583447,160184604.65,8578,RELINFRA
2022-05-18,EQ,107.4,109.5,103.25,107.05,104.0,104.1,106.54,150.0,49.0,1700333,181148224.5,13989,RELINFRA
2022-05-17,EQ,99.9,108.1,99.2,98.3,107.6,107.05,104.47,150.0,49.0,3028015,316345081.75,16844,RELINFRA
2022-05-16,EQ,98.0,101.0,96.05,102.05,98.4,98.3,98.71,150.0,49.0,2292453,226291552.4,16905,RELINFRA
2022-05-13,EQ,104.55,107.0,101.0,100.9,102.0,102.05,104.2,150.0,46.95,2307109,240409011.95,18849,RELINFRA
2022-05-12,EQ,102.0,107.8,96.4,101.0,101.95,100.9,101.25,150.0,46.95,3026642,306454711.1,18272,RELINFRA
2022-05-11,EQ,109.95,112.2,99.0,108.2,102.05,101.0,104.15,150.0,46.95,2965443,308839140.95,19090,RELINFRA
2022-05-10,EQ,113.3,116.0,106.0,112.3,109.0,108.2,112.53,150.0,46.95,1651090,185793008.55,13248,RELINFRA
2022-05-09,EQ,111.45,115.0,105.0,111.3,113.0,112.3,111.11,150.0,46.95,2003478,222601680.0,13529,RELINFRA
2022-05-06,EQ,112.95,113.0,110.0,115.1,111.9,111.3,111.63,150.0,41.55,1723960,192438104.6,14759,RELINFRA
2022-05-05,EQ,118.0,122.25,114.25,116.1,115.35,115.1,118.38,150.0,41.55,2590263,306642913.7,19678,RELINFRA
2022-05-04,EQ,125.0,126.35,112.95,124.25,116.4,116.1,119.02,150.0,41.55,2206418,262609616.6,17902,RELINFRA
2022-05-02,EQ,124.0,127.0,122.05,123.55,123.8,124.25,123.83,150.0,41.55,1530403,189505673.5,10305,RELINFRA
2022-04-29,EQ,122.2,126.5,119.0,120.6,125.7,123.55,122.88,150.0,33.0,2745695,337403341.25,17295,RELINFRA
2022-04-28,EQ,123.0,125.85,120.0,123.0,121.0,120.6,122.25,150.0,33.0,1451387,177424945.25,13093,RELINFRA
2022-04-27,EQ,120.0,124.7,118.5,121.2,122.0,123.0,121.98,150.0,33.0,2640030,322040634.75,16919,RELINFRA
2022-04-26,EQ,125.9,126.8,118.2,123.25,121.9,121.2,123.43,150.0,33.0,1789524,220876772.5,14766,RELINFRA
2022-04-25,EQ,127.0,128.45,121.7,128.9,124.0,123.25,125.55,150.0,33.0,1826560,229326839.05,13743,RELINFRA
2022-04-22,EQ,128.0,132.7,127.05,130.3,128.55,128.9,130.49,150.0,32.55,2450467,319751719.9,13658,RELINFRA
2022-04-21,EQ,127.45,134.0,124.35,125.75,130.5,130.3,131.15,150.0,32.55,4247086,557022004.65,26661,RELINFRA
2022-04-20,EQ,126.0,128.6,123.3,123.6,125.6,125.75,126.11,150.0,32.55,2758694,347910604.8,16478,RELINFRA
2022-04-19,EQ,120.5,131.5,120.4,119.55,121.85,123.6,126.91,150.0,32.55,4873123,618459884.75,27615,RELINFRA
2022-04-18,EQ,123.0,123.5,117.65,123.4,118.1,119.55,121.02,150.0,32.55,1205758,145920953.8,8533,RELINFRA
2022-04-13,EQ,123.6,127.0,122.25,122.95,123.1,123.4,124.3,150.0,32.55,1648115,204859026.0,12699,RELINFRA
2022-04-12,EQ,125.0,126.4,121.0,125.85,123.0,122.95,123.29,150.0,32.55,1977091,243763354.5,13488,RELINFRA
2022-04-11,EQ,126.9,130.45,125.1,126.75,126.2,125.85,127.84,150.0,32.55,1562737,199783830.45,10127,RELINFRA
2022-04-08,EQ,126.0,131.5,126.0,125.15,126.75,126.75,128.51,150.0,32.55,2973963,382184272.6,19666,RELINFRA
2022-04-07,EQ,136.5,138.6,124.0,136.15,125.6,125.15,131.62,150.0,32.55,5345931,703621634.9,31054,RELINFRA
2022-04-06,EQ,132.0,139.1,130.15,132.15,135.3,136.15,135.09,150.0,32.55,5622619,759576748.3,44588,RELINFRA
2022-04-05,EQ,125.9,134.95,123.85,124.7,131.95,132.15,129.94,150.0,32.55,6925281,899864474.55,47988,RELINFRA
2022-04-04,EQ,123.9,128.5,119.5,122.65,124.5,124.7,124.26,150.0,32.55,5791150,719585903.15,34609,RELINFRA
2022-04-01,EQ,112.7,123.5,112.3,112.3,123.5,122.65,119.17,150.0,32.55,3762082,448344962.65,18376,RELINFRA
2022-03-31,EQ,116.25,118.0,110.3,114.8,111.7,112.3,114.2,150.0,32.55,2453312,280166113.5,12371,RELINFRA
2022-03-30,EQ,113.0,119.9,111.7,110.75,114.45,114.8,116.02,150.0,32.55,3890593,451367156.15,23218,RELINFRA
2022-03-29,EQ,102.05,110.75,102.0,100.7,110.75,110.75,109.27,150.0,32.55,7061792,771636413.65,19322,RELINFRA
2022-03-28,EQ,101.35,106.75,99.15,109.2,101.65,100.7,102.49,150.0,32.55,5243142,537349799.6,31791,RELINFRA
2022-03-25,EQ,111.7,114.5,108.1,109.7,109.8,109.2,110.81,150.0,32.3,2401003,266056843.9,12965,RELINFRA
2022-03-24,EQ,111.9,114.25,108.9,111.8,110.0,109.7,110.69,150.0,32.3,3085013,341474078.9,9673,RELINFRA
2022-03-23,EQ,114.45,115.7,110.1,113.15,111.5,111.8,112.87,150.0,32.3,2309731,260702926.7,10482,RELINFRA
2022-03-22,EQ,114.1,116.85,112.1,115.4,113.5,113.15,114.07,150.0,32.3,1655799,188882355.8,10137,RELINFRA
2022-03-21,EQ,118.2,118.45,115.0,116.8,115.7,115.4,116.4,150.0,32.3,1543608,179678709.8,8701,RELINFRA
2022-03-17,EQ,120.0,121.5,115.65,118.95,116.9,116.8,118.03,150.0,31.15,1977893,233454655.6,10252,RELINFRA
2022-03-16,EQ,118.05,119.8,116.05,115.55,118.5,118.95,118.03,150.0,31.15,1612516,190321817.5,10306,RELINFRA
2022-03-15,EQ,118.4,120.4,112.8,117.25,115.65,115.55,116.94,150.0,31.15,2071446,242244596.6,13125,RELINFRA
2022-03-14,EQ,127.5,128.7,116.5,122.5,117.15,117.25,122.15,150.0,31.15,4130176,504506904.35,26452,RELINFRA
2022-03-11,EQ,116.9,122.5,115.0,111.4,122.5,122.5,120.52,150.0,31.15,3796368,457524621.7,14483,RELINFRA
2022-03-10,EQ,111.85,112.9,107.8,107.5,112.0,111.4,110.95,150.0,31.15,3081502,341890332.05,14715,RELINFRA
2022-03-09,EQ,103.0,109.7,102.3,101.75,107.4,107.5,106.19,150.0,31.15,2069832,219799811.0,13814,RELINFRA
2022-03-08,EQ,99.0,103.8,98.8,99.6,101.7,101.75,101.5,150.0,31.15,2501039,253867376.55,11889,RELINFRA
2022-03-07,EQ,101.8,102.7,97.0,103.5,99.7,99.6,99.18,150.0,31.15,2606599,258510306.85,17465,RELINFRA
2022-03-04,EQ,105.0,107.1,102.65,106.4,104.5,103.5,104.47,150.0,30.6,1715481,179223904.75,10660,RELINFRA
2022-03-03,EQ,110.0,110.95,105.1,107.6,107.1,106.4,108.02,150.0,30.6,1536356,165961860.15,10196,RELINFRA
2022-03-02,EQ,101.5,110.8,101.5,104.6,107.7,107.6,107.37,150.0,30.6,2483054,266599650.9,15858,RELINFRA
2022-02-28,EQ,102.0,106.6,101.15,104.6,104.5,104.6,104.2,150.0,30.6,2635673,274647006.2,13520,RELINFRA
2022-02-25,EQ,104.0,110.0,103.0,101.95,105.7,104.6,105.91,150.0,29.9,4213193,446219256.5,21116,RELINFRA
2022-02-24,EQ,108.5,108.5,101.95,113.25,101.95,101.95,104.51,150.0,29.9,3202409,334688428.4,21539,RELINFRA
2022-02-23,EQ,116.3,119.7,112.3,114.35,113.35,113.25,116.22,150.0,29.9,2337557,271675423.3,15127,RELINFRA
2022-02-22,EQ,111.0,116.75,108.45,112.7,114.0,114.35,113.39,150.0,29.9,4010678,454787426.2,24051,RELINFRA
2022-02-21,EQ,120.5,123.75,111.15,120.1,112.8,112.7,117.42,150.0,29.9,3716304,436360523.6,25502,RELINFRA
2022-02-18,EQ,114.85,122.65,113.85,113.35,119.75,120.1,120.26,150.0,29.75,3668594,441168149.2,23008,RELINFRA
2022-02-17,EQ,123.0,127.7,111.8,122.6,113.85,113.35,119.38,150.0,29.75,5168249,616994399.45,31096,RELINFRA
2022-02-16,EQ,114.5,123.0,114.3,111.85,121.2,122.6,121.04,150.0,29.75,7114241,861073939.4,30608,RELINFRA
2022-02-15,EQ,111.1,119.0,108.55,120.6,111.95,111.85,110.83,150.0,29.75,13727792,1521498080.5,35897,RELINFRA
2022-02-14,EQ,120.6,120.6,120.6,134.0,120.6,120.6,120.6,150.0,29.75,974557,117531574.2,4956,RELINFRA
2022-02-11,EQ,128.5,141.0,127.5,133.1,133.5,134.0,135.25,150.0,27.2,4806656,650079380.5,32164,RELINFRA
2022-02-10,EQ,149.4,150.0,133.1,147.85,133.1,133.1,141.43,150.0,27.2,6161277,871368387.3,41853,RELINFRA
2022-02-09,EQ,138.7,147.85,133.0,134.45,147.85,147.85,143.83,147.85,27.2,11459699,1648199461.5,52509,RELINFRA
2022-02-08,EQ,140.0,143.8,126.6,133.45,135.1,134.45,136.71,143.8,27.2,12445385,1701454786.65,76472,RELINFRA
2022-02-07,EQ,128.0,133.45,123.0,121.35,133.45,133.45,130.7,133.45,27.2,9134933,1193910910.75,29082,RELINFRA
2022-02-04,EQ,119.6,121.35,118.55,115.6,121.35,121.35,120.37,121.35,25.85,1577705,189901168.15,2886,RELINFRA
2022-02-03,EQ,111.05,115.6,111.0,110.1,115.6,115.6,114.26,115.6,23.75,1737907,198569741.05,4875,RELINFRA
2022-02-02,EQ,108.7,111.4,104.7,106.1,111.4,110.1,107.84,111.4,23.75,5451390,587890107.2,19329,RELINFRA
2022-02-01,EQ,103.0,106.1,101.55,101.05,106.1,106.1,104.51,107.8,23.75,2850166,297880829.05,10026,RELINFRA
2022-01-31,EQ,103.3,104.0,99.8,102.3,100.95,101.05,102.32,107.8,20.2,2102086,215075850.25,8615,RELINFRA
2022-01-28,EQ,98.65,102.65,98.65,97.8,102.65,102.3,102.22,107.8,19.8,3224151,329579085.85,8891,RELINFRA
2022-01-27,EQ,97.0,100.5,96.05,98.05,98.4,97.8,98.55,107.8,19.4,1565476,154282965.8,7396,RELINFRA
2022-01-25,EQ,92.6,98.2,91.4,93.55,97.9,98.05,97.27,107.8,19.2,2213795,215334573.5,7423,RELINFRA
2022-01-24,EQ,98.0,98.75,93.35,98.25,93.65,93.55,94.51,107.8,19.2,2332253,220421973.85,11056,RELINFRA
2022-01-21,EQ,100.0,102.0,97.2,101.55,98.8,98.25,99.5,107.8,19.2,1446661,143943132.0,7314,RELINFRA
2022-01-20,EQ,99.0,102.5,99.0,99.75,101.7,101.55,100.86,107.8,19.2,1531294,154447325.3,8319,RELINFRA
2022-01-19,EQ,102.4,102.95,98.8,101.95,99.95,99.75,100.11,107.8,19.2,1381285,138277026.15,8844,RELINFRA
2022-01-18,EQ,106.9,107.5,101.5,105.55,102.3,101.95,104.4,107.8,19.2,1845994,192719119.6,10867,RELINFRA
2022-01-17,EQ,103.65,107.8,102.75,102.75,105.75,105.55,105.84,107.8,19.2,3772409,399277024.7,18558,RELINFRA
2022-01-14,EQ,98.7,104.0,97.4,99.05,102.5,102.75,102.17,107.5,19.2,3291223,336249675.35,16187,RELINFRA
2022-01-13,EQ,97.8,100.0,95.0,96.4,99.2,99.05,97.89,107.5,19.2,1628860,159454776.55,9272,RELINFRA
2022-01-12,EQ,98.2,99.75,94.4,98.4,96.6,96.4,96.97,107.5,19.2,2552372,247508250.95,13658,RELINFRA
2022-01-11,EQ,105.1,107.5,98.3,103.45,98.3,98.4,101.94,107.5,19.2,4924424,501992093.1,20705,RELINFRA
2022-01-10,EQ,98.55,103.45,95.1,98.55,103.45,103.45,101.12,106.7,19.2,4419483,446888955.5,16101,RELINFRA
2022-01-07,EQ,101.55,102.3,98.05,100.15,98.8,98.55,99.72,106.7,19.2,1091828,108882111.7,7653,RELINFRA
2022-01-06,EQ,96.45,101.7,94.5,97.05,100.0,100.15,98.89,106.7,19.2,1796340,177632812.45,10190,RELINFRA
2022-01-05,EQ,97.9,99.5,96.05,97.5,97.0,97.05,97.69,106.7,19.2,907997,88698396.15,6406,RELINFRA
2022-01-04,EQ,102.0,102.8,96.8,100.8,97.35,97.5,98.98,106.7,19.2,1627872,161133590.3,9736,RELINFRA
2021-09-24,EQ,104.3,106.7,99.4,102.3,104.55,105.35,104.32,106.7,19.2,7755268,809003976.8,45048,RELINFRA
2021-09-23,EQ,99.0,102.3,98.05,97.45,102.3,102.3,101.48,102.3,19.2,4995623,506953978.1,11067,RELINFRA
2021-09-22,EQ,93.0,97.75,91.5,93.1,97.75,97.45,94.74,99.25,19.2,4340649,411213686.65,21295,RELINFRA
2021-09-21,EQ,98.7,98.7,93.1,98.0,93.1,93.1,93.75,99.25,19.2,7766227,728111875.95,18210,RELINFRA
2021-09-20,EQ,94.5,99.25,92.25,94.55,97.4,98.0,97.72,99.25,19.2,6873441,671685693.7,27275,RELINFRA
2021-06-16,EQ,94.9,96.15,92.2,91.6,96.15,96.15,95.46,96.15,19.2,20371718,1944734380.5,61068,RELINFRA
2021-06-15,EQ,89.85,91.6,88.6,87.25,91.6,91.6,90.94,91.6,19.2,3571511,324801413.05,7862,RELINFRA
2021-06-14,EQ,86.75,87.25,80.0,83.1,87.25,87.25,84.95,88.9,19.2,10430228,886060835.7,41869,RELINFRA
2021-06-11,EQ,88.9,88.9,81.0,84.7,82.95,83.1,84.85,88.9,19.2,26870411,2279839236.0,88588,RELINFRA
2021-06-10,EQ,83.0,84.7,82.5,80.7,84.7,84.7,84.03,84.7,19.2,10421252,875681497.1,28803,RELINFRA
2021-06-09,EQ,80.7,80.7,77.0,76.9,80.7,80.7,80.33,80.7,19.2,15474045,1243089225.25,32215,RELINFRA
2021-06-08,EQ,74.5,76.9,73.25,73.25,76.9,76.9,76.25,76.9,19.2,19773184,1507715498.75,40905,RELINFRA
2021-06-07,EQ,73.1,73.25,70.1,69.8,73.25,73.25,72.04,73.25,19.2,11272552,812085694.85,40193,RELINFRA
2021-06-04,EQ,69.85,69.85,66.55,66.55,69.7,69.8,69.07,71.4,17.9,23470355,1621084499.2,44989,RELINFRA
2021-06-03,EQ,66.55,66.55,66.55,63.4,66.55,66.55,66.55,71.4,17.9,742826,49435070.3,2221,RELINFRA
2021-06-02,EQ,60.55,63.4,60.5,60.4,63.4,63.4,62.62,71.4,17.9,6889951,431431832.9,11774,RELINFRA
2021-06-01,EQ,63.5,64.25,60.2,63.35,60.2,60.4,60.91,71.4,17.9,12349100,752188714.55,27699,RELINFRA
2021-05-31,EQ,63.0,64.95,61.4,64.6,62.9,63.35,62.55,71.4,17.9,19149858,1197916654.35,32637,RELINFRA
2021-05-28,EQ,70.0,71.4,64.6,68.0,64.6,64.6,66.71,71.4,17.05,28237172,1883783744.4,65570,RELINFRA
2021-05-27,EQ,64.0,68.0,62.6,61.85,68.0,68.0,65.57,68.0,17.05,12433290,815204863.75,34793,RELINFRA
2021-05-26,EQ,59.1,63.0,57.75,58.0,62.9,61.85,60.27,63.0,17.05,17400721,1048789997.3,40674,RELINFRA
2021-05-25,EQ,57.5,61.8,56.75,56.5,58.05,58.0,59.25,61.8,17.05,20149517,1193869750.7,46761,RELINFRA
2021-05-24,EQ,52.45,56.75,52.1,51.6,56.75,56.5,55.66,58.3,17.05,24808841,1380858176.65,39198,RELINFRA
2021-05-21,EQ,52.25,53.2,51.3,51.6,51.6,51.6,52.04,58.3,16.8,3372102,175490743.9,9246,RELINFRA
2021-05-20,EQ,52.4,53.0,51.0,51.85,51.5,51.6,51.87,58.3,16.8,3479716,180491450.3,10790,RELINFRA
2021-05-19,EQ,52.2,54.1,51.45,51.65,51.7,51.85,52.51,58.3,16.8,7653077,401859825.05,19408,RELINFRA
2021-05-18,EQ,50.8,54.4,49.0,50.4,51.6,51.65,51.98,58.3,16.8,11016406,572680806.35,29450,RELINFRA
2021-05-17,EQ,52.0,53.5,50.05,52.9,50.35,50.4,51.42,58.3,16.8,4442126,228433483.65,15552,RELINFRA
2021-05-14,EQ,54.95,56.1,51.6,54.15,52.7,52.9,53.97,58.3,16.45,9668388,521761923.4,26288,RELINFRA
2021-05-12,EQ,54.9,58.3,49.8,53.05,54.3,54.15,54.45,58.3,16.45,29531881,1607911813.6,78875,RELINFRA
2021-05-11,EQ,47.5,53.05,46.95,48.25,53.05,53.05,50.58,53.05,16.45,23308893,1179042859.25,24149,RELINFRA
2021-05-10,EQ,48.4,49.35,47.45,47.3,47.9,48.25,48.81,50.85,16.45,9925717,484504815.7,16562,RELINFRA
2021-05-07,EQ,46.8,49.1,46.0,46.35,47.15,47.3,47.84,50.85,16.4,8215437,393011757.9,19923,RELINFRA
2021-05-06,EQ,47.75,48.45,45.55,47.3,46.25,46.35,46.88,50.85,16.4,6030364,282708816.1,21213,RELINFRA
2021-05-05,EQ,45.55,48.3,45.1,45.5,47.35,47.3,46.78,50.85,16.4,5890744,275596246.7,19348,RELINFRA
2021-05-04,EQ,50.7,50.7,45.45,50.45,45.45,45.5,47.41,50.85,16.4,14922450,707403657.45,36184,RELINFRA
2021-05-03,EQ,41.9,50.85,41.55,42.4,50.25,50.45,48.22,50.85,16.4,31752079,1530928969.35,68097,RELINFRA
2021-04-30,EQ,37.5,44.25,37.1,37.5,42.65,42.4,42.05,44.7,15.05,24836921,1044332414.7,56008,RELINFRA
2021-04-29,EQ,36.0,38.4,34.3,34.95,37.65,37.5,36.58,44.7,15.05,7035746,257334559.65,15106,RELINFRA
2021-04-28,EQ,33.8,35.7,33.65,33.7,35.5,34.95,34.56,44.7,15.05,3446563,119098971.7,5908,RELINFRA
2021-04-27,EQ,33.5,33.8,33.2,33.15,33.7,33.7,33.61,44.7,15.05,2869961,96447671.05,3831,RELINFRA
2021-04-26,EQ,33.65,33.95,33.0,33.25,33.15,33.15,33.39,44.7,15.05,2356922,78689613.15,4580,RELINFRA
2021-04-23,EQ,33.2,35.15,32.9,33.35,33.1,33.25,33.87,44.7,15.05,3177167,107619566.1,6933,RELINFRA
2021-04-22,EQ,33.3,34.1,32.9,33.4,33.3,33.35,33.44,44.7,15.05,2267769,75831004.25,5461,RELINFRA
2021-04-20,EQ,33.7,34.3,32.7,33.0,33.4,33.4,33.58,44.7,15.05,2286606,76794559.75,7165,RELINFRA
2021-04-19,EQ,32.55,33.75,32.55,35.05,33.05,33.0,32.96,44.7,15.05,2546915,83958378.25,6789,RELINFRA
2021-04-16,EQ,34.9,36.0,34.4,34.7,34.7,35.05,35.25,44.7,13.25,3235625,114059498.65,8801,RELINFRA
2021-04-15,EQ,35.5,35.9,34.0,35.35,34.45,34.7,34.72,44.7,13.25,2900406,100705709.35,7125,RELINFRA
2021-04-13,EQ,34.55,35.85,34.5,34.25,35.5,35.35,35.18,44.7,13.25,2625997,92374962.45,7536,RELINFRA
2021-04-12,EQ,36.55,36.95,34.05,38.05,34.15,34.25,34.95,44.7,13.25,5649544,197466936.65,11355,RELINFRA
2021-04-09,EQ,38.75,39.2,37.4,38.55,38.05,38.05,38.36,44.7,11.75,2292011,87921386.55,6114,RELINFRA
2021-04-08,EQ,38.55,39.55,38.15,37.9,38.75,38.55,38.84,44.7,11.75,3328823,129307955.15,8522,RELINFRA
2021-04-07,EQ,39.15,39.5,37.2,38.9,37.9,37.9,38.2,44.7,11.75,4371873,166992121.1,11129,RELINFRA
2021-04-06,EQ,39.5,43.0,38.25,39.1,38.7,38.9,41.06,44.7,11.75,19081034,783524664.65,37147,RELINFRA
2021-04-05,EQ,38.45,40.7,37.5,38.2,39.15,39.1,38.86,44.7,11.75,5308369,206262952.6,15074,RELINFRA
2021-04-01,EQ,35.4,38.6,35.4,35.1,38.35,38.2,37.76,44.7,8.9,5784965,218445242.15,14425,RELINFRA
2021-03-31,EQ,35.6,36.8,34.8,35.55,35.5,35.1,35.71,44.7,8.9,2114429,75501744.15,5973,RELINFRA
2021-03-30,EQ,37.0,37.3,35.15,36.6,35.2,35.55,35.83,44.7,8.9,1792401,64228731.9,5788,RELINFRA
2021-03-26,EQ,36.6,37.6,35.65,35.65,36.5,36.6,36.72,44.7,8.65,2228436,81838140.1,6686,RELINFRA
2021-03-25,EQ,37.8,38.1,35.2,37.55,35.65,35.65,36.14,44.7,8.65,4312804,155853522.1,10112,RELINFRA
2021-03-24,EQ,39.8,41.6,36.95,39.8,37.1,37.55,39.13,44.7,8.65,9571436,374507269.0,27581,RELINFRA
2021-03-23,EQ,37.6,39.8,36.65,36.2,39.8,39.8,38.66,44.7,8.65,6781592,262156312.0,20090,RELINFRA
2021-03-22,EQ,33.3,36.2,32.3,32.95,36.2,36.2,35.72,44.7,8.65,5722876,204397909.3,8510,RELINFRA
2021-03-19,EQ,31.75,33.75,31.15,32.35,33.0,32.95,32.71,44.7,8.65,3256447,106529123.8,8748,RELINFRA
2021-03-18,EQ,34.8,34.9,31.3,33.9,32.3,32.35,33.15,44.7,8.65,3371383,111769914.6,10471,RELINFRA
2021-03-17,EQ,35.95,36.4,33.5,35.75,33.65,33.9,34.79,44.7,8.65,3082504,107228738.75,8647,RELINFRA
2021-03-16,EQ,38.1,38.6,35.2,37.7,35.5,35.75,36.82,44.7,8.65,3373952,124229537.55,9721,RELINFRA
2021-03-15,EQ,40.0,40.7,36.85,39.7,37.7,37.7,38.08,44.7,8.65,5142606,195822885.85,12729,RELINFRA
2021-03-12,EQ,41.0,42.75,37.1,39.15,39.7,39.7,40.41,44.7,8.65,14443946,583659741.85,39898,RELINFRA
2021-03-10,EQ,36.9,39.15,36.35,35.6,39.15,39.15,38.34,44.7,8.65,6799718,260708966.8,12445,RELINFRA
2021-03-09,EQ,32.75,35.6,32.7,32.4,35.6,35.6,34.8,44.7,8.65,8966876,312068684.9,12945,RELINFRA
2021-03-08,EQ,33.0,34.05,32.0,32.55,32.3,32.4,33.1,44.7,8.65,3004408,99451174.1,6301,RELINFRA
2021-03-05,EQ,32.7,33.15,31.8,32.2,32.5,32.55,32.56,44.7,8.65,2189066,71283522.65,4842,RELINFRA
2021-03-04,EQ,30.6,33.35,30.6,31.7,32.2,32.2,32.27,44.7,8.65,2790470,90056775.6,6280,RELINFRA
2021-03-03,EQ,32.8,33.1,31.55,32.4,31.65,31.7,32.26,44.7,8.65,2370578,76465949.55,4919,RELINFRA
2021-03-02,EQ,33.2,33.95,31.8,32.85,32.45,32.4,32.77,44.7,8.65,3586414,117519322.85,7345,RELINFRA
2021-03-01,EQ,31.6,33.9,30.75,30.85,32.65,32.85,32.68,44.7,8.65,6974151,227911700.0,11129,RELINFRA
2021-02-26,EQ,30.7,31.75,30.1,31.55,30.6,30.85,31.08,44.7,8.65,2280714,70878318.95,9463,RELINFRA
2021-02-25,EQ,31.95,32.0,31.15,31.7,31.5,31.55,31.54,44.7,8.65,1657855,52295566.25,4141,RELINFRA
2021-02-24,EQ,32.0,32.2,30.5,32.05,31.7,31.7,31.65,44.7,8.65,774853,24520961.5,3159,RELINFRA
2021-02-23,EQ,32.25,32.9,31.5,31.65,31.95,32.05,32.15,44.7,8.65,2852380,91701573.4,5905,RELINFRA
2021-02-22,EQ,30.9,33.35,29.9,30.7,31.3,31.65,31.84,44.7,8.65,3922771,124920439.45,9553,RELINFRA
2021-02-19,EQ,30.8,31.25,29.75,30.65,30.95,30.7,30.3,44.7,8.65,2763271,83738615.8,5475,RELINFRA
2021-02-18,EQ,31.6,31.85,30.0,31.8,30.55,30.65,31.02,44.7,8.65,1949182,60467545.4,4727,RELINFRA
2021-02-17,EQ,31.8,32.15,31.35,31.95,31.65,31.8,31.71,44.7,8.65,1324740,42009010.6,3226,RELINFRA
2021-02-16,EQ,32.8,32.8,31.3,32.4,31.85,31.95,31.87,44.7,8.65,1668806,53192158.65,3661,RELINFRA
2021-02-15,EQ,33.0,33.15,31.8,32.9,32.7,32.4,32.43,44.7,8.65,1983080,64304083.4,4119,RELINFRA
2021-02-12,EQ,32.0,33.4,31.35,31.85,32.85,32.9,32.57,44.7,8.65,3064708,99817561.5,7188,RELINFRA
2021-02-11,EQ,31.2,32.5,31.1,31.3,31.85,31.85,31.66,44.7,8.65,2099679,66466317.5,4378,RELINFRA
2021-02-10,EQ,32.0,32.2,30.8,32.45,31.3,31.3,31.19,44.7,8.65,2604870,81241119.85,5465,RELINFRA
2021-02-09,EQ,33.25,33.6,31.85,32.8,32.1,32.45,32.62,44.7,8.65,1714065,55915734.8,7930,RELINFRA
2021-02-08,EQ,33.75,34.8,32.5,33.35,32.95,32.8,33.86,44.7,8.65,2960509,100246306.35,8069,RELINFRA
2021-02-05,EQ,33.9,34.1,31.6,32.55,33.1,33.35,32.93,44.7,8.65,5899667,194279478.65,10972,RELINFRA
2021-02-04,EQ,31.75,32.55,31.2,31.0,32.55,32.55,32.22,44.7,8.65,3302470,106393755.35,8076,RELINFRA
2021-02-03,EQ,29.85,31.0,29.5,29.55,31.0,31.0,30.56,44.7,8.65,2486179,75986167.0,4726,RELINFRA
2021-02-02,EQ,28.7,29.6,28.1,28.2,29.6,29.55,29.12,44.7,8.65,2653815,77271322.05,5304,RELINFRA
2021-02-01,EQ,27.95,29.05,27.2,27.7,28.5,28.2,28.5,44.7,8.65,3806392,108463851.4,7983,RELINFRA
2021-01-29,EQ,29.1,29.7,27.5,28.9,27.8,27.7,28.58,44.7,8.65,3058613,87404475.5,5664,RELINFRA
2021-01-28,EQ,29.75,29.75,28.55,29.95,28.65,28.9,28.89,44.7,8.65,1890589,54617271.1,6050,RELINFRA
2021-01-27,EQ,30.3,30.4,29.3,30.35,29.85,29.95,29.73,44.7,8.65,1459772,43398055.3,6018,RELINFRA
2021-01-25,EQ,30.05,31.1,29.6,30.35,30.5,30.35,30.31,44.7,8.65,1651008,50039816.65,4017,RELINFRA
2021-01-22,EQ,31.0,31.2,29.8,30.85,30.25,30.35,30.29,44.7,8.65,1791094,54245294.75,5443,RELINFRA
2021-01-21,EQ,30.2,31.6,30.1,30.1,31.05,30.85,31.34,44.7,8.65,4284073,134267284.65,7253,RELINFRA
2021-01-20,EQ,30.4,30.5,29.8,30.7,30.2,30.1,30.17,44.7,8.65,2050624,61859345.75,4030,RELINFRA
2021-01-19,EQ,30.7,31.25,29.3,30.35,30.4,30.7,30.45,44.7,8.65,2468790,75184810.8,6105,RELINFRA
2021-01-18,EQ,31.8,31.95,30.1,31.45,30.2,30.35,30.71,44.7,8.65,1532517,47071107.4,4433,RELINFRA
2021-01-15,EQ,31.5,32.05,30.25,31.45,31.8,31.45,31.06,44.7,8.65,1992198,61870693.35,4806,RELINFRA
2021-01-14,EQ,31.6,32.45,31.3,31.5,31.5,31.45,31.67,44.7,8.65,1427878,45222288.95,3890,RELINFRA
2021-01-13,EQ,32.4,33.0,31.3,32.35,31.6,31.5,31.96,44.7,8.65,6026760,192603213.3,12496,RELINFRA
2021-01-12,EQ,31.55,32.4,30.05,30.9,32.15,32.35,31.25,44.7,8.65,7156762,223661976.7,13073,RELINFRA
2021-01-11,EQ,30.5,30.9,29.6,29.45,30.9,30.9,30.74,44.7,8.65,7605575,233828837.95,8524,RELINFRA
2021-01-08,EQ,28.7,29.85,28.5,28.5,29.2,29.45,29.16,44.7,8.65,3410303,99444961.8,6326,RELINFRA
2021-01-07,EQ,29.25,29.95,28.25,29.65,28.45,28.5,28.94,44.7,8.65,3406662,98585012.15,6032,RELINFRA
2021-01-06,EQ,30.3,30.65,29.15,30.3,29.7,29.65,29.73,44.7,8.65,5065730,150607710.7,10836,RELINFRA
2021-01-05,EQ,28.9,30.3,28.3,28.9,30.3,30.3,29.62,44.7,8.65,6501863,192560011.8,13012,RELINFRA
2021-01-04,EQ,28.75,28.9,28.1,27.55,28.9,28.9,28.75,44.7,8.65,4364971,125511134.35,7455,RELINFRA
2021-01-01,EQ,27.2,28.15,26.95,26.85,27.3,27.55,27.59,44.7,8.65,3080324,84992182.7,5803,RELINFRA
2020-12-31,EQ,27.05,27.6,26.55,27.45,26.7,26.85,27.06,44.7,8.65,1269430,34354549.55,4968,RELINFRA
2020-12-30,EQ,26.85,28.15,26.15,26.85,27.25,27.45,27.21,44.7,8.65,2816859,76633085.1,6140,RELINFRA
2020-12-29,EQ,27.7,28.15,26.5,27.85,27.0,26.85,27.29,44.7,8.65,2325680,63457647.95,6106,RELINFRA
2020-12-28,EQ,26.85,28.05,25.85,26.75,27.75,27.85,27.24,44.7,8.65,4061974,110655861.65,8347,RELINFRA
2020-12-24,EQ,26.75,26.75,26.0,25.5,26.75,26.75,26.64,44.7,8.65,3628934,96674737.15,3933,RELINFRA
2020-12-23,EQ,24.9,25.5,24.65,24.3,25.5,25.5,25.44,44.7,8.65,1364915,34720866.95,1815,RELINFRA
2020-12-22,EQ,24.5,25.0,23.75,25.0,24.3,24.3,24.07,44.7,8.65,2976294,71633075.25,7325,RELINFRA
2020-12-21,EQ,26.2,26.65,25.0,26.3,25.0,25.0,25.78,44.7,8.65,2233423,57586114.6,5575,RELINFRA
2020-12-18,EQ,26.7,27.75,25.8,27.1,26.2,26.3,26.51,44.7,8.65,4145257,109874993.6,8777,RELINFRA
2020-12-17,EQ,28.35,28.35,27.05,28.4,27.05,27.1,27.47,44.7,8.65,2532326,69567672.75,6828,RELINFRA
2020-12-16,EQ,27.7,29.5,27.65,28.65,28.4,28.4,28.78,44.7,8.65,4612768,132755817.45,8795,RELINFRA
2020-12-15,EQ,30.5,30.6,28.65,30.15,28.65,28.65,28.78,44.7,8.65,6824261,196383144.7,6838,RELINFRA
2020-12-14,EQ,30.15,30.15,29.1,28.75,30.15,30.15,29.9,44.7,8.65,8344991,249553590.65,15508,RELINFRA
2020-12-11,EQ,26.85,28.75,26.4,26.15,28.75,28.75,27.84,44.7,8.65,5908642,164469765.9,12145,RELINFRA
2020-12-10,EQ,27.5,27.8,25.25,27.45,26.2,26.15,26.19,44.7,8.65,4238620,111001571.45,13976,RELINFRA
2020-12-09,EQ,28.5,28.9,26.55,27.55,27.4,27.45,27.88,44.7,8.65,9627202,268439472.75,20571,RELINFRA
2020-12-08,EQ,26.5,27.55,25.6,25.05,27.55,27.55,27.0,44.7,8.65,24172478,652662716.55,25534,RELINFRA
2020-12-07,EQ,25.05,25.05,25.05,22.8,25.05,25.05,25.05,44.7,8.65,1028050,25752652.5,2999,RELINFRA
2020-12-04,EQ,22.8,22.8,22.8,21.75,22.8,22.8,22.8,44.7,8.65,659665,15040362.0,1108,RELINFRA
2020-12-03,EQ,21.15,21.75,21.0,20.75,21.75,21.75,21.65,44.7,8.65,3074121,66565221.1,1571,RELINFRA
2020-12-02,EQ,20.8,21.25,20.2,20.8,20.9,20.75,20.76,44.7,8.65,3310564,68743847.2,5018,RELINFRA
2020-12-01,EQ,22.0,22.1,20.4,21.35,20.8,20.8,21.25,44.7,8.65,4368278,92820908.9,8981,RELINFRA
2020-11-27,EQ,21.7,21.9,20.9,21.75,21.25,21.35,21.41,44.7,8.65,3337583,71444166.85,5290,RELINFRA
2020-11-26,EQ,23.0,23.0,21.35,22.45,21.7,21.75,22.12,44.7,8.65,10960349,242417266.05,14606,RELINFRA
2020-11-25,EQ,22.5,22.5,21.55,21.45,22.5,22.45,22.36,44.7,8.65,15526418,347149646.9,10126,RELINFRA
2020-11-24,EQ,20.85,21.45,20.7,20.45,21.45,21.45,21.36,44.7,8.65,11139267,237890496.2,6587,RELINFRA
2020-11-23,EQ,20.1,20.6,19.8,19.65,20.6,20.45,20.53,44.7,8.65,6329215,129916828.4,4943,RELINFRA
2020-11-20,EQ,19.75,20.1,19.4,19.55,20.1,19.65,19.56,44.7,8.65,1937650,37910092.3,4797,RELINFRA
2020-11-19,EQ,19.6,19.9,19.4,19.55,19.45,19.55,19.66,44.7,8.65,1121027,22036066.05,2139,RELINFRA
2020-11-18,EQ,20.1,20.15,19.4,20.0,19.65,19.55,19.73,44.7,8.65,1459266,28786226.9,4045,RELINFRA
2020-11-17,EQ,20.1,20.25,19.65,19.9,20.0,20.0,19.96,44.7,8.65,1375122,27446382.1,4353,RELINFRA
2020-11-14,EQ,19.95,20.0,19.7,19.6,20.0,19.9,19.87,49.05,8.65,276907,5501954.4,958,RELINFRA
2020-11-13,EQ,19.5,19.85,19.25,19.6,19.7,19.6,19.68,49.05,8.65,825055,16233970.9,1935,RELINFRA
2020-11-12,EQ,19.85,19.85,19.2,19.75,19.55,19.6,19.4,49.05,8.65,1321097,25623911.25,2787,RELINFRA
2020-11-11,EQ,19.9,20.15,19.45,19.6,19.8,19.75,19.73,49.05,8.65,1152356,22737638.3,4047,RELINFRA
2020-11-10,EQ,19.65,19.95,19.4,19.6,19.6,19.6,19.65,49.05,8.65,1545222,30358797.15,3546,RELINFRA
2020-11-09,EQ,19.85,19.9,19.55,19.65,19.7,19.6,19.69,49.05,8.65,1100121,21660236.7,3444,RELINFRA
2020-11-06,EQ,19.75,19.95,19.5,19.55,19.6,19.65,19.69,49.05,8.65,1134668,22338833.1,2826,RELINFRA
2020-11-05,EQ,20.0,20.0,19.45,19.75,19.65,19.55,19.67,49.05,8.65,1269991,24984183.15,3605,RELINFRA
2020-11-04,EQ,19.6,20.3,19.6,19.6,19.65,19.75,19.85,49.05,8.65,1419516,28184172.35,2906,RELINFRA
2020-11-03,EQ,19.85,20.1,19.5,19.85,19.7,19.6,19.77,49.05,8.65,1422085,28116946.1,2777,RELINFRA
2020-11-02,EQ,20.2,20.5,19.6,20.25,19.85,19.85,19.96,49.05,8.65,1275696,25461914.6,2651,RELINFRA
2020-10-30,EQ,20.9,21.4,19.8,20.7,20.05,20.25,20.65,49.05,8.65,3942916,81424742.3,5288,RELINFRA
2020-10-29,EQ,20.05,21.1,19.55,20.1,21.1,20.7,20.74,49.05,8.65,3747414,77739098.4,6378,RELINFRA
2020-10-28,EQ,20.85,21.2,19.9,20.85,20.05,20.1,20.46,49.05,8.65,1946567,39826994.05,3910,RELINFRA
2020-10-27,EQ,21.25,21.5,20.8,21.85,20.8,20.85,20.91,49.05,8.65,3125398,65346831.95,4151,RELINFRA
2020-10-26,EQ,23.45,23.75,21.85,23.0,21.85,21.85,22.37,49.05,8.65,4358112,97506469.75,4681,RELINFRA
2020-10-23,EQ,22.2,23.0,22.1,21.95,23.0,23.0,22.96,49.05,8.65,5333243,122435112.55,2716,RELINFRA
2020-10-22,EQ,21.15,21.95,20.9,20.95,21.95,21.95,21.81,49.05,8.65,2329900,50806310.3,3239,RELINFRA
2020-10-21,EQ,21.35,21.5,20.7,20.9,21.1,20.95,21.06,49.05,8.65,1082889,22800671.4,2449,RELINFRA
2020-10-20,EQ,20.95,21.6,20.6,20.95,20.95,20.9,21.09,49.05,8.65,640064,13499292.1,1841,RELINFRA
2020-10-19,EQ,21.8,21.8,20.8,21.2,20.95,20.95,21.02,49.05,8.65,679255,14280410.35,2528,RELINFRA
2020-10-16,EQ,21.6,22.2,21.15,21.6,21.2,21.2,21.52,49.05,8.65,749450,16124866.75,2114,RELINFRA
2020-10-15,EQ,22.55,23.4,21.35,22.35,21.4,21.6,22.31,49.05,8.65,1024790,22858765.25,3023,RELINFRA
2020-10-14,EQ,21.8,22.55,21.65,21.85,22.5,22.35,22.24,49.05,8.65,1258713,27994013.25,4629,RELINFRA
2020-10-13,EQ,21.3,22.1,20.8,21.05,21.8,21.85,21.73,49.05,8.65,949648,20632562.9,2738,RELINFRA
2020-10-12,EQ,21.85,21.9,20.95,21.8,21.3,21.05,21.33,49.05,8.65,1044106,22270691.2,2462,RELINFRA
2020-10-09,EQ,22.25,22.45,21.6,22.35,21.85,21.8,21.9,49.05,8.65,948509,20771745.65,2445,RELINFRA
2020-10-08,EQ,23.0,23.4,21.9,22.85,22.25,22.35,22.56,49.05,8.65,1431314,32289247.25,3723,RELINFRA
2020-10-07,EQ,22.4,22.85,22.05,21.8,22.85,22.85,22.75,49.05,8.65,2478545,56389318.55,3844,RELINFRA
2020-10-06,EQ,20.8,21.8,20.8,20.8,21.8,21.8,21.61,49.05,8.65,853308,18439919.05,1550,RELINFRA
2020-10-05,EQ,21.55,22.0,20.7,21.55,20.95,20.8,20.98,49.05,8.65,1441884,30247674.5,4690,RELINFRA
2020-10-01,EQ,22.75,22.75,21.4,22.5,21.5,21.55,21.9,49.05,8.65,1136994,24902768.95,3332,RELINFRA
2020-09-30,EQ,23.1,23.1,22.3,22.95,22.35,22.5,22.64,49.05,8.65,575216,13025024.25,1902,RELINFRA
2020-09-29,EQ,23.4,23.55,22.75,23.25,22.9,22.95,23.02,49.05,8.65,611661,14078706.1,2058,RELINFRA
2020-09-28,EQ,22.7,23.65,22.15,22.85,23.0,23.25,23.11,49.05,8.65,1413406,32664286.2,4188,RELINFRA
2020-09-25,EQ,22.0,22.85,21.5,21.8,22.85,22.85,22.41,49.05,8.65,966681,21659107.45,2859,RELINFRA
2020-09-24,EQ,22.45,23.55,21.45,22.45,21.7,21.8,22.45,49.05,8.65,1995763,44796882.75,5850,RELINFRA
2020-09-23,EQ,23.4,23.8,22.2,23.2,22.75,22.45,22.97,49.05,8.65,1786400,41029484.55,4023,RELINFRA
2020-09-22,EQ,23.55,23.85,23.2,24.4,23.2,23.2,23.22,49.05,8.65,2091025,48561414.15,2306,RELINFRA
2020-09-21,EQ,25.65,25.7,24.4,25.65,24.4,24.4,24.68,49.05,8.65,1351478,33353000.35,3813,RELINFRA
2020-09-18,EQ,26.4,26.8,25.4,26.5,25.5,25.65,26.0,49.05,8.65,1282742,33350368.7,6005,RELINFRA
2020-09-17,EQ,26.5,27.25,26.0,26.75,26.5,26.5,26.55,49.05,8.65,1172553,31129635.45,4477,RELINFRA
2020-09-16,EQ,27.15,27.5,26.55,27.2,26.6,26.75,26.85,49.05,8.65,765457,20549790.5,2482,RELINFRA
2020-09-15,EQ,26.85,27.8,26.75,26.85,27.05,27.2,27.15,49.05,8.65,1720305,46698909.85,3615,RELINFRA
2020-09-14,EQ,27.5,28.1,26.65,26.8,26.85,26.85,27.12,49.05,8.65,1194200,32390668.05,3179,RELINFRA
2020-09-11,EQ,27.2,27.5,26.5,27.0,26.9,26.8,27.04,49.05,8.65,957915,25899889.95,2766,RELINFRA
2020-09-10,EQ,26.9,27.75,26.65,26.85,27.0,27.0,27.11,49.05,8.65,824871,22358429.05,3778,RELINFRA
2020-09-09,EQ,27.05,27.15,26.2,27.45,26.8,26.85,26.63,49.05,8.65,742695,19778510.9,4388,RELINFRA
2020-09-08,EQ,27.0,28.0,26.0,26.9,27.65,27.45,27.36,49.05,8.65,1123400,30730701.15,4098,RELINFRA
2020-09-07,EQ,27.2,27.9,26.5,27.55,27.25,26.9,27.1,49.05,8.65,758240,20546894.25,3109,RELINFRA
2020-09-04,EQ,27.2,27.95,27.2,27.95,27.75,27.55,27.54,49.05,8.65,968241,26660560.6,2667,RELINFRA
2020-09-03,EQ,28.9,28.9,27.6,28.45,28.0,27.95,27.94,49.05,8.65,1203773,33633246.75,3809,RELINFRA
2020-09-02,EQ,27.95,28.9,27.5,27.7,28.8,28.45,28.06,49.05,8.65,1337442,37534565.5,3947,RELINFRA
2020-09-01,EQ,27.9,28.45,27.05,28.45,27.95,27.7,27.33,49.05,8.65,2541980,69476309.25,9406,RELINFRA
2020-08-31,EQ,29.85,30.0,28.45,29.9,28.45,28.45,28.86,49.05,8.65,2710392,78219897.75,7052,RELINFRA
2020-08-28,EQ,31.5,31.9,29.7,31.25,30.0,29.9,30.32,49.05,8.65,4335382,131432783.9,7777,RELINFRA
2020-08-27,EQ,30.0,31.25,29.6,29.8,31.25,31.25,30.83,49.05,8.65,3733467,115106292.8,4806,RELINFRA
2020-08-26,EQ,30.0,30.4,29.3,29.6,29.85,29.8,29.88,49.05,8.65,1365202,40796850.8,4349,RELINFRA
2020-08-25,EQ,30.0,30.55,29.4,29.7,29.65,29.6,29.68,49.05,8.65,1507072,44735713.55,4823,RELINFRA
2020-08-24,EQ,30.5,30.5,29.15,30.65,29.7,29.7,29.86,49.05,8.65,2113709,63106819.0,7094,RELINFRA
2020-08-21,EQ,31.45,31.8,30.45,31.45,30.6,30.65,31.17,49.05,8.65,2362371,73630216.0,5984,RELINFRA
2020-08-20,EQ,31.8,32.6,31.3,32.25,31.4,31.45,31.8,49.05,8.65,2313783,73583308.05,6457,RELINFRA
2020-08-19,EQ,30.85,32.25,30.25,30.75,32.25,32.25,31.46,49.05,8.65,2665433,83864648.85,5258,RELINFRA
2020-08-18,EQ,31.25,31.25,30.5,31.15,30.7,30.75,30.8,49.05,8.65,1289333,39708473.65,3590,RELINFRA
2020-08-17,EQ,31.8,31.8,30.6,30.55,31.2,31.15,31.06,49.05,8.65,1183365,36751400.8,4479,RELINFRA
2020-08-14,EQ,30.85,32.1,29.8,30.65,30.65,30.55,30.91,51.0,8.65,3786617,117030506.1,7890,RELINFRA
2020-08-13,EQ,32.0,32.0,30.25,31.2,30.7,30.65,30.88,51.0,8.65,1892577,58447601.95,5615,RELINFRA
2020-08-12,EQ,31.5,31.7,30.3,31.3,31.0,31.2,30.99,51.0,8.65,3962868,122799246.95,10737,RELINFRA
2020-08-11,EQ,30.4,31.3,29.9,29.85,31.3,31.3,31.08,51.0,8.65,1063669,33057454.65,2253,RELINFRA
2020-08-10,EQ,28.8,29.85,28.4,28.45,29.85,29.85,29.56,51.0,8.65,1738977,51402543.3,3248,RELINFRA
2020-08-07,EQ,29.45,29.45,28.05,29.2,28.4,28.45,28.49,53.7,8.65,2212590,63032948.0,5955,RELINFRA
2020-08-06,EQ,29.9,30.35,28.8,29.5,29.05,29.2,29.56,53.7,8.65,2271582,67150295.5,5619,RELINFRA
2020-08-05,EQ,28.9,29.85,28.55,28.5,29.7,29.5,29.15,53.7,8.65,1763563,51403984.1,5319,RELINFRA
2020-08-04,EQ,29.0,29.4,28.05,29.1,28.55,28.5,28.67,53.7,8.65,2271302,65125819.5,6998,RELINFRA
2020-08-03,EQ,27.05,29.2,26.7,27.85,28.8,29.1,28.32,53.7,8.65,5137601,145505076.55,12011,RELINFRA
2020-07-31,EQ,28.55,29.15,27.85,29.3,27.85,27.85,28.26,53.7,8.65,2390367,67552444.95,6837,RELINFRA
2020-07-30,EQ,30.1,30.85,29.25,30.75,29.25,29.3,29.92,53.7,8.65,3061077,91585748.6,11175,RELINFRA
2020-07-29,EQ,28.85,30.75,28.85,29.3,30.75,30.75,30.54,53.7,8.65,2467387,75364528.8,5718,RELINFRA
2020-07-28,EQ,30.55,31.0,29.1,30.6,29.2,29.3,29.63,53.7,8.65,3100959,91867111.2,10611,RELINFRA
2020-07-27,EQ,32.15,32.35,30.55,32.15,30.55,30.6,30.99,53.7,8.65,2401943,74433633.05,7896,RELINFRA
2020-07-24,EQ,31.85,33.3,31.1,32.25,32.0,32.15,32.2,53.7,8.65,3070095,98854275.8,11750,RELINFRA
2020-07-23,EQ,33.0,33.75,32.15,33.8,32.3,32.25,32.66,53.7,8.65,2981612,97370429.0,8977,RELINFRA
2020-07-22,EQ,35.1,35.1,33.8,35.55,33.8,33.8,34.2,53.7,8.65,3355638,114771946.45,9736,RELINFRA
2020-07-21,EQ,35.55,35.55,34.4,33.9,35.55,35.55,35.28,53.7,8.65,5830735,205732787.35,14252,RELINFRA
2020-07-20,EQ,33.9,33.9,33.1,32.3,33.9,33.9,33.84,53.7,8.65,2150430,72766393.85,3700,RELINFRA
2020-07-17,EQ,30.2,32.3,29.35,30.8,32.3,32.3,31.51,53.7,8.65,3925995,123693638.25,10512,RELINFRA
2020-07-16,EQ,32.3,32.8,30.8,32.4,30.8,30.8,31.12,53.7,8.65,2946898,91715950.5,9057,RELINFRA
2020-07-15,EQ,33.0,35.15,31.85,33.5,32.55,32.4,33.89,53.7,8.65,10594535,359025396.25,22926,RELINFRA
2020-07-14,EQ,34.0,34.9,33.5,35.25,33.5,33.5,33.66,53.7,8.65,1760408,59253934.9,6137,RELINFRA
2020-07-13,EQ,38.1,38.1,35.25,37.1,35.3,35.25,36.0,53.7,8.65,4379123,157665366.5,15875,RELINFRA
2020-07-10,EQ,36.0,38.3,35.6,36.5,37.1,37.1,37.32,53.9,8.65,11807022,440589046.45,27804,RELINFRA
2020-07-09,EQ,33.1,36.5,33.1,34.8,36.5,36.5,35.45,53.9,8.65,26725134,947306920.9,43379,RELINFRA
2020-07-08,EQ,34.8,34.8,34.8,36.6,34.8,34.8,34.8,53.9,8.65,314745,10953126.0,2183,RELINFRA
2020-07-07,EQ,36.6,36.6,36.6,38.5,36.6,36.6,36.6,53.9,8.65,355169,12999185.4,2175,RELINFRA
2020-07-06,EQ,38.5,38.5,38.5,40.5,38.5,38.5,38.5,53.9,8.65,690135,26570197.5,4795,RELINFRA
2020-07-03,EQ,44.7,44.7,40.5,42.6,40.5,40.5,43.09,59.5,8.65,13508124,582079859.6,45919,RELINFRA
2020-07-02,EQ,42.6,42.6,39.65,40.6,42.6,42.6,42.25,59.5,8.65,9086089,383875504.05,23740,RELINFRA
2020-07-01,EQ,40.6,40.6,37.1,38.7,40.6,40.6,40.13,59.5,8.65,14457527,580170945.8,19334,RELINFRA
2020-06-30,EQ,38.7,38.7,38.7,36.9,38.7,38.7,38.7,59.5,8.65,594773,23017715.1,826,RELINFRA
2020-06-29,EQ,36.9,36.9,36.9,35.15,36.9,36.9,36.9,59.5,8.65,614987,22693020.3,966,RELINFRA
2020-06-26,EQ,35.15,35.15,35.15,33.5,35.15,35.15,35.15,66.0,8.65,296595,10425314.25,828,RELINFRA
2020-06-25,EQ,33.5,33.5,33.5,31.95,33.5,33.5,33.5,66.0,8.65,329811,11048668.5,932,RELINFRA
2020-06-24,EQ,31.95,31.95,31.95,30.45,31.95,31.95,31.95,66.0,8.65,1408753,45009658.35,1285,RELINFRA
2020-06-23,EQ,30.45,30.45,29.5,29.0,30.45,30.45,30.38,66.0,8.65,8475670,257513503.25,7819,RELINFRA
2020-06-22,EQ,28.5,29.0,27.35,26.4,29.0,29.0,28.63,66.0,8.65,11575778,331438772.9,17578,RELINFRA
2020-06-19,EQ,25.9,26.4,25.55,24.0,26.4,26.4,26.27,66.0,8.65,2184779,57384198.6,3388,RELINFRA
2020-06-18,EQ,22.05,24.0,21.85,21.85,24.0,24.0,23.61,66.0,8.65,5045766,119151467.0,6950,RELINFRA
2020-06-17,EQ,21.85,22.5,21.4,21.4,21.8,21.85,21.86,66.0,8.65,1756332,38387671.9,4447,RELINFRA
2020-06-16,EQ,22.3,22.8,20.0,22.05,21.3,21.4,21.76,66.0,8.65,2308050,50216688.45,11066,RELINFRA
2020-06-15,EQ,21.8,22.4,21.2,21.8,22.15,22.05,21.79,66.0,8.65,1787723,38958431.25,3537,RELINFRA
2020-06-12,EQ,20.55,22.05,20.5,22.05,21.75,21.8,21.27,73.9,8.65,2392695,50884975.5,6071,RELINFRA
2020-06-11,EQ,22.1,23.2,21.7,22.0,22.45,22.05,22.54,73.9,8.65,3210844,72383961.25,6826,RELINFRA
2020-06-10,EQ,22.0,22.5,21.0,22.2,22.05,22.0,21.68,73.9,8.65,3077601,66723757.95,7680,RELINFRA
2020-06-09,EQ,25.4,25.4,21.6,23.1,22.1,22.2,23.12,73.9,8.65,8408343,194385003.1,16592,RELINFRA
2020-06-08,EQ,23.1,23.1,23.1,21.0,23.1,23.1,23.1,73.9,8.65,890078,20560801.8,1715,RELINFRA
2020-06-05,EQ,20.35,21.0,20.05,19.1,21.0,21.0,20.73,103.8,8.65,1752933,36344301.15,2274,RELINFRA
2020-06-04,EQ,18.45,19.1,18.25,18.2,19.1,19.1,18.65,103.8,8.65,1661162,30987704.7,3056,RELINFRA
2020-06-03,EQ,18.35,18.4,17.9,17.9,18.3,18.2,18.21,103.8,8.65,2049412,37328089.55,10608,RELINFRA
2020-06-02,EQ,17.95,18.15,17.05,17.45,17.95,17.9,17.77,120.0,8.65,2957663,52569574.9,7097,RELINFRA
2020-06-01,EQ,16.9,17.55,16.8,16.75,17.55,17.45,17.26,126.85,8.65,2368860,40895202.7,5119,RELINFRA
2020-05-29,EQ,16.7,17.05,16.45,16.5,16.65,16.75,16.73,126.85,8.65,1521309,25453420.55,3684,RELINFRA
2020-05-28,EQ,17.25,17.35,16.4,16.55,16.65,16.5,17.0,126.85,8.65,4933230,83846458.3,6342,RELINFRA
2020-05-27,EQ,15.25,16.55,15.05,15.8,16.55,16.55,15.74,126.85,8.65,3824733,60214144.75,5362,RELINFRA
2020-04-22,EQ,17.9,17.95,17.45,17.1,17.95,17.95,17.87,128.9,8.65,1512686,27036807.5,3462,RELINFRA
2020-04-21,EQ,16.9,17.1,15.5,16.3,17.1,17.1,16.78,128.9,8.65,5477754,91894068.3,12391,RELINFRA
2020-04-20,EQ,16.3,16.3,16.3,15.55,16.3,16.3,16.3,128.9,8.65,152036,2478186.8,454,RELINFRA
2020-04-17,EQ,15.55,15.55,15.55,14.85,15.55,15.55,15.55,136.3,8.65,272800,4242040.0,504,RELINFRA
2020-04-16,EQ,14.85,14.85,14.2,14.15,14.85,14.85,14.71,136.3,8.65,1294982,19047682.8,2738,RELINFRA
2020-04-15,EQ,14.15,14.15,14.1,13.5,14.15,14.15,14.15,136.3,8.65,505573,7153574.85,964,RELINFRA
2020-04-13,EQ,13.5,13.5,13.25,12.9,13.5,13.5,13.47,136.3,8.65,1841728,24812792.0,2518,RELINFRA
2020-04-09,EQ,12.9,12.9,12.9,12.3,12.9,12.9,12.9,138.3,8.65,722323,9317966.7,586,RELINFRA
2020-04-08,EQ,12.3,12.3,12.3,11.75,12.3,12.3,12.3,138.3,8.65,450669,5543228.7,509,RELINFRA
2020-04-07,EQ,11.75,11.75,11.75,11.2,11.75,11.75,11.75,138.3,8.65,660546,7761415.5,502,RELINFRA
2020-04-03,EQ,11.2,11.2,11.1,10.7,11.2,11.2,11.2,146.4,8.65,697016,7806535.6,934,RELINFRA
2020-04-01,EQ,10.6,10.7,10.5,10.2,10.7,10.7,10.68,146.4,8.65,505493,5396626.85,703,RELINFRA
2020-03-31,EQ,10.2,10.2,10.0,9.75,10.2,10.2,10.19,146.4,8.65,837919,8542570.2,1166,RELINFRA
2020-03-30,EQ,9.1,9.75,8.9,9.3,9.75,9.75,9.49,146.4,8.65,1738592,16494082.35,3412,RELINFRA
2020-03-27,EQ,9.6,9.7,8.9,9.35,9.55,9.3,9.3,146.4,8.65,2502763,23268341.25,4548,RELINFRA
2020-03-26,EQ,9.1,9.5,8.65,9.05,9.45,9.35,9.24,146.4,8.65,3068802,28341258.35,6064,RELINFRA
2020-03-25,EQ,9.05,9.1,9.05,9.5,9.1,9.05,9.05,146.4,9.05,866642,7845397.7,2309,RELINFRA
2020-03-24,EQ,9.95,9.95,9.5,9.95,9.5,9.5,9.52,146.4,9.5,441670,4203153.6,1357,RELINFRA
2020-03-23,EQ,9.95,9.95,9.95,10.45,9.95,9.95,9.95,146.4,9.95,284752,2833282.4,1216,RELINFRA
2020-03-20,EQ,10.2,11.2,10.2,10.7,10.2,10.45,10.6,146.4,10.2,6213294,65859196.35,12403,RELINFRA
2020-03-19,EQ,10.7,10.8,10.7,11.25,10.7,10.7,10.7,146.4,10.7,728930,7799552.0,2097,RELINFRA
2020-03-18,EQ,12.05,12.1,11.25,11.8,11.25,11.25,11.32,146.4,11.25,1695646,19197205.45,3733,RELINFRA
2020-03-17,EQ,12.4,12.6,11.8,12.4,11.8,11.8,12.06,146.4,11.8,2667631,32184527.3,8082,RELINFRA
2020-03-16,EQ,12.35,13.35,12.35,12.95,12.4,12.4,12.74,146.4,12.35,3223123,41063629.3,12641,RELINFRA
2020-03-13,EQ,12.9,13.9,12.9,13.55,13.2,12.95,13.13,146.4,12.9,3919686,51461887.9,9923,RELINFRA
2020-03-12,EQ,13.55,13.55,13.55,14.25,13.55,13.55,13.55,146.4,13.55,494076,6694729.8,1376,RELINFRA
2020-03-11,EQ,14.8,15.8,13.85,15.2,14.25,14.25,14.57,146.4,13.85,4868472,70917413.05,17779,RELINFRA
2020-03-09,EQ,15.3,15.75,15.2,16.85,15.2,15.2,15.22,146.4,15.2,1411971,21492844.45,2759,RELINFRA
2020-03-06,EQ,17.95,18.0,16.85,18.7,16.85,16.85,17.03,146.4,16.85,5092057,86710388.0,6501,RELINFRA
2020-03-05,EQ,18.5,18.95,18.05,18.2,18.75,18.7,18.55,146.4,17.6,2380532,44161369.25,6636,RELINFRA
2020-03-04,EQ,19.15,19.15,17.65,18.9,18.2,18.2,18.23,146.4,17.6,2963776,54032619.25,10034,RELINFRA
2020-03-04,EQ,19.15,19.15,17.65,18.9,18.2,18.2,18.23,146.4,17.6,2963776,54032619.25,10034,RELINFRA
2020-03-04,EQ,19.15,19.15,17.65,18.9,18.2,18.2,18.23,146.4,17.6,2963776,54032619.25,10034,RELINFRA
2020-03-04,EQ,19.15,19.15,17.65,18.9,18.2,18.2,18.23,146.4,17.6,2963776,54032619.25,10034,RELINFRA
2020-03-04,EQ,19.15,19.15,17.65,18.9,18.2,18.2,18.23,146.4,17.6,2963776,54032619.25,10034,RELINFRA
2020-03-04,EQ,19.15,19.15,17.65,18.9,18.2,18.2,18.23,146.4,17.6,2963776,54032619.25,10034,RELINFRA
2020-03-03,EQ,18.4,19.4,18.15,18.4,19.0,18.9,18.71,146.4,17.6,2522045,47198997.6,15950,RELINFRA
2020-03-03,EQ,18.4,19.4,18.15,18.4,19.0,18.9,18.71,146.4,17.6,2522045,47198997.6,15950,RELINFRA
2020-03-03,EQ,18.4,19.4,18.15,18.4,19.0,18.9,18.71,146.4,17.6,2522045,47198997.6,15950,RELINFRA
2020-03-03,EQ,18.4,19.4,18.15,18.4,19.0,18.9,18.71,146.4,17.6,2522045,47198997.6,15950,RELINFRA
2020-03-03,EQ,18.4,19.4,18.15,18.4,19.0,18.9,18.71,146.4,17.6,2522045,47198997.6,15950,RELINFRA
2020-03-03,EQ,18.4,19.4,18.15,18.4,19.0,18.9,18.71,146.4,17.6,2522045,47198997.6,15950,RELINFRA
2020-03-02,EQ,20.0,20.1,17.6,18.75,18.2,18.4,19.13,146.4,17.6,3341250,63912888.35,12155,RELINFRA
2020-02-28,EQ,20.0,20.0,18.6,20.3,18.7,18.75,19.12,146.4,18.0,3071608,58719627.2,7514,RELINFRA
2020-02-27,EQ,21.45,21.6,20.1,21.45,20.25,20.3,20.68,146.4,18.0,2509537,51898940.75,5938,RELINFRA
2020-02-26,EQ,22.3,22.3,20.95,22.25,21.45,21.45,21.52,146.4,18.0,2565685,55206759.75,7567,RELINFRA
2020-02-25,EQ,23.0,23.25,21.65,22.8,22.4,22.25,22.63,146.4,18.0,2438259,55169944.95,5857,RELINFRA
2020-02-24,EQ,22.9,23.8,22.55,23.35,22.85,22.8,23.24,146.4,18.0,3074470,71435648.3,7867,RELINFRA
2020-02-20,EQ,22.9,24.35,22.25,23.05,23.15,23.35,23.6,146.4,18.0,5689505,134247510.9,13549,RELINFRA
2020-02-19,EQ,22.1,23.4,21.05,21.9,22.95,23.05,22.36,146.4,18.0,4617012,103214341.35,11085,RELINFRA
2020-02-19,EQ,22.1,23.4,21.05,21.9,22.95,23.05,22.36,146.4,18.0,4617012,103214341.35,11085,RELINFRA
2020-02-19,EQ,22.1,23.4,21.05,21.9,22.95,23.05,22.36,146.4,18.0,4617012,103214341.35,11085,RELINFRA
2020-02-19,EQ,22.1,23.4,21.05,21.9,22.95,23.05,22.36,146.4,18.0,4617012,103214341.35,11085,RELINFRA
2020-02-19,EQ,22.1,23.4,21.05,21.9,22.95,23.05,22.36,146.4,18.0,4617012,103214341.35,11085,RELINFRA
2020-02-18,EQ,21.7,22.3,20.9,21.35,21.8,21.9,21.78,146.4,18.0,5533960,120549439.3,13328,RELINFRA
2020-02-17,EQ,21.3,21.45,19.6,19.5,21.45,21.35,20.64,146.4,18.0,6851867,141417985.65,13111,RELINFRA
2020-02-14,EQ,20.7,21.15,19.2,20.85,19.5,19.5,20.1,146.4,18.0,3237998,65088992.0,8623,RELINFRA
2020-02-13,EQ,19.3,21.15,19.0,19.25,20.75,20.85,20.36,146.4,18.0,4038785,82224882.35,8749,RELINFRA
2020-02-12,EQ,20.75,21.1,19.0,20.6,19.4,19.25,19.75,146.4,18.0,3394170,67045844.5,8132,RELINFRA
2020-02-11,EQ,20.95,21.25,20.2,20.85,20.8,20.6,20.82,146.4,18.0,2655099,55272809.05,5545,RELINFRA
2020-02-10,EQ,21.5,21.5,20.5,22.25,20.8,20.85,20.82,146.4,18.0,2901602,60423040.95,8008,RELINFRA
2020-02-07,EQ,22.2,23.2,21.1,21.8,22.25,22.25,22.22,257.75,18.0,6006307,133468426.7,12800,RELINFRA
2020-02-06,EQ,19.9,21.8,19.65,19.85,21.8,21.8,21.53,257.75,18.0,11992244,258239826.8,14212,RELINFRA
2020-02-05,EQ,18.6,19.95,18.3,19.0,19.9,19.85,19.74,257.75,18.0,6807297,134347163.1,13059,RELINFRA
2020-02-04,EQ,19.0,19.7,19.0,19.95,19.0,19.0,19.09,257.75,18.0,4609088,87998027.6,7600,RELINFRA
2020-02-03,EQ,20.25,20.8,19.95,20.95,19.95,19.95,20.08,257.75,18.0,3323847,66729399.1,4833,RELINFRA
2020-02-01,EQ,22.0,22.4,20.8,21.85,20.8,20.95,21.5,279.05,18.0,2591113,55707266.8,9220,RELINFRA
2020-01-31,EQ,22.4,22.9,21.6,22.2,21.8,21.85,22.08,279.05,18.0,3450122,76164364.05,6661,RELINFRA
2020-01-30,EQ,23.75,23.95,21.85,22.95,22.3,22.2,22.81,279.05,18.0,7388290,168542916.55,14829,RELINFRA
2020-01-29,EQ,22.5,22.95,22.0,21.9,22.95,22.95,22.73,279.05,18.0,4264001,96910845.45,9565,RELINFRA
2020-01-28,EQ,20.5,21.9,20.25,20.9,21.9,21.9,21.58,279.05,18.0,4550587,98190637.05,8543,RELINFRA
2020-01-27,EQ,21.95,21.95,20.9,21.95,20.9,20.9,21.1,279.05,18.0,3354512,70793830.15,6618,RELINFRA
2020-01-24,EQ,22.35,22.5,21.55,21.45,22.05,21.95,22.14,298.9,18.0,7833219,173402333.35,13784,RELINFRA
2020-01-23,EQ,21.45,21.45,20.85,20.45,21.45,21.45,21.41,298.9,18.0,5058249,108288371.75,5268,RELINFRA
2020-01-22,EQ,20.0,20.45,19.55,19.5,20.45,20.45,20.31,298.9,18.0,3964060,80503945.85,6004,RELINFRA
2020-01-21,EQ,19.2,20.15,19.2,20.2,19.75,19.5,19.57,298.9,18.0,8824050,172649554.15,19393,RELINFRA
2020-01-20,EQ,20.2,20.2,20.2,21.25,20.2,20.2,20.2,298.9,18.0,739417,14936223.4,2094,RELINFRA
2020-01-17,EQ,22.4,22.4,21.25,22.35,21.25,21.25,21.29,325.0,18.0,3082817,65645766.9,3661,RELINFRA
2020-01-16,EQ,24.15,24.2,22.35,23.5,22.35,22.35,22.93,325.0,18.0,10044490,230352957.55,14917,RELINFRA
2020-01-15,EQ,21.8,23.65,21.65,22.55,23.65,23.5,22.76,325.0,18.0,23368708,531834959.35,23070,RELINFRA
2020-01-14,EQ,22.55,22.55,22.55,23.7,22.55,22.55,22.55,325.0,18.0,732918,16527300.9,1892,RELINFRA
2020-01-13,EQ,23.7,24.6,23.7,24.9,23.7,23.7,23.95,325.0,18.0,6234477,149324708.1,6494,RELINFRA
2020-01-10,EQ,24.9,24.95,24.9,26.2,24.9,24.9,24.9,325.0,18.0,3333059,82994955.7,4861,RELINFRA
2020-01-09,EQ,27.1,27.55,26.2,27.55,26.2,26.2,26.58,325.0,18.0,4544113,120800767.0,11926,RELINFRA
2020-01-08,EQ,27.55,28.15,27.55,28.95,27.55,27.55,27.66,325.0,18.0,1185229,32778411.0,2766,RELINFRA
2020-01-07,EQ,29.25,30.4,28.95,30.45,28.95,28.95,29.48,325.0,18.0,2369999,69862743.75,6628,RELINFRA
2020-01-06,EQ,30.6,31.25,30.45,32.05,30.45,30.45,30.56,325.0,18.0,1556893,47571163.2,3653,RELINFRA
2020-01-03,EQ,32.95,32.95,30.75,32.35,31.95,32.05,31.92,325.0,18.0,7004833,223616617.65,22846,RELINFRA
2020-01-02,EQ,32.0,32.35,30.3,30.85,32.35,32.35,31.81,325.0,18.0,8242091,262192882.85,16294,RELINFRA
2020-01-01,EQ,30.85,30.85,30.85,29.4,30.85,30.85,30.85,325.0,18.0,443718,13688700.3,874,RELINFRA
2019-12-31,EQ,29.4,29.4,29.4,28.0,29.4,29.4,29.4,325.0,18.0,465377,13682083.8,1031,RELINFRA
2019-12-30,EQ,28.0,28.0,27.6,26.7,28.0,28.0,27.98,325.0,18.0,1653577,46269959.65,1900,RELINFRA
2019-12-27,EQ,27.75,28.05,25.6,26.75,26.8,26.7,27.04,325.0,18.0,8757623,236848994.7,19716,RELINFRA
2019-12-26,EQ,26.35,26.75,25.7,25.5,26.75,26.75,26.6,325.0,18.0,3031613,80632029.3,4582,RELINFRA
2019-12-24,EQ,24.8,25.5,24.7,24.3,25.5,25.5,25.32,325.0,18.0,3434075,86934173.7,3318,RELINFRA
2019-12-23,EQ,23.9,24.3,23.6,23.15,24.3,24.3,24.12,325.0,18.0,1167165,28156225.85,1441,RELINFRA
2019-12-20,EQ,22.05,23.15,22.0,22.05,23.15,23.15,22.72,325.0,18.0,1375311,31253888.1,3929,RELINFRA
2019-12-19,EQ,21.5,22.65,21.3,22.2,22.2,22.05,22.06,325.0,18.0,2709273,59761270.35,15321,RELINFRA
2019-12-18,EQ,24.45,24.45,22.15,23.3,22.15,22.2,23.22,325.0,18.0,6311426,146540956.35,11742,RELINFRA
2019-12-17,EQ,23.3,23.3,22.2,22.2,23.3,23.3,23.27,325.0,18.0,4539517,105645107.85,1960,RELINFRA
2019-12-16,EQ,22.2,22.2,22.2,21.15,22.2,22.2,22.2,325.0,18.0,140249,3113527.8,513,RELINFRA
2019-12-13,EQ,20.35,21.15,20.05,20.15,21.15,21.15,20.93,325.0,18.0,1062766,22244698.6,1970,RELINFRA
2019-12-12,EQ,21.0,21.2,19.9,20.9,20.25,20.15,20.23,325.0,18.0,3353834,67836385.8,13005,RELINFRA
2019-12-11,EQ,22.4,22.4,20.9,21.95,20.95,20.9,21.29,325.0,18.0,2723056,57968430.15,7231,RELINFRA
2019-12-10,EQ,22.55,23.35,21.6,22.25,22.05,21.95,22.71,325.0,18.0,4241671,96313722.05,12005,RELINFRA
2019-12-09,EQ,22.15,23.4,21.8,22.75,22.2,22.25,22.57,325.0,18.0,2628959,59339818.5,10718,RELINFRA
2019-12-06,EQ,24.3,24.3,22.75,23.9,22.75,22.75,23.0,339.1,18.0,2147744,49402012.65,5785,RELINFRA
2019-12-05,EQ,23.7,24.65,23.3,23.8,23.8,23.9,23.99,339.1,18.0,3773671,90541827.6,10571,RELINFRA
2019-12-04,EQ,22.7,24.5,22.7,23.85,23.6,23.8,23.24,339.1,18.0,8522978,198048652.85,16747,RELINFRA
2019-12-03,EQ,23.85,23.85,23.85,25.1,23.85,23.85,23.85,339.1,18.0,422525,10077221.25,1243,RELINFRA
2019-12-02,EQ,26.4,26.4,25.1,26.4,25.1,25.1,25.23,339.1,18.0,2810792,70916631.05,3623,RELINFRA
2019-11-29,EQ,28.0,28.4,26.4,27.75,26.4,26.4,27.06,366.85,18.0,7508852,203174225.95,16624,RELINFRA
2019-11-28,EQ,28.0,28.35,26.05,27.0,28.05,27.75,27.19,366.85,18.0,17243813,468803472.3,27384,RELINFRA
2019-11-27,EQ,28.0,28.35,26.45,27.0,27.25,27.0,27.68,366.85,18.0,11322576,313387082.8,20468,RELINFRA
2019-11-26,EQ,26.95,29.3,26.95,28.35,26.95,27.0,27.42,366.85,18.0,15582255,427295347.65,26067,RELINFRA
2019-11-25,EQ,28.35,29.8,28.35,29.8,28.35,28.35,28.62,366.85,18.0,6690431,191448405.7,9097,RELINFRA
2019-11-22,EQ,29.8,31.0,29.8,31.35,29.8,29.8,29.92,368.5,18.0,6914410,206874340.05,8501,RELINFRA
2019-11-21,EQ,31.35,33.65,31.35,33.0,31.35,31.35,31.99,368.5,18.0,4406859,140964704.45,9887,RELINFRA
2019-11-20,EQ,33.65,34.55,33.0,34.7,33.0,33.0,33.25,368.5,18.0,1069971,35580696.75,2699,RELINFRA
2019-11-19,EQ,34.7,34.7,34.7,36.5,34.7,34.7,34.7,368.5,18.0,437785,15191139.5,1212,RELINFRA
2019-11-18,EQ,37.2,38.9,36.5,38.4,36.5,36.5,37.09,368.5,18.0,2182697,80946934.6,6314,RELINFRA
2019-11-15,EQ,40.15,41.2,38.15,40.15,38.15,38.4,39.21,368.5,18.0,9689304,379881275.95,24944,RELINFRA
2019-11-14,EQ,40.15,40.15,40.15,42.25,40.15,40.15,40.15,368.5,18.0,456316,18321087.4,1274,RELINFRA
2019-11-13,EQ,42.25,42.25,42.25,44.45,42.25,42.25,42.25,368.5,18.0,312987,13223700.75,1046,RELINFRA
2019-11-11,EQ,49.05,49.05,44.45,46.75,44.45,44.45,46.65,368.5,18.0,6459875,301341720.35,19123,RELINFRA
2019-11-08,EQ,46.75,46.75,46.75,44.55,46.75,46.75,46.75,373.7,18.0,292180,13659415.0,914,RELINFRA
2019-11-07,EQ,44.55,44.55,44.55,42.45,44.55,44.55,44.55,373.7,18.0,151798,6762600.9,808,RELINFRA
2019-11-06,EQ,42.4,42.45,41.0,40.45,42.45,42.45,42.25,373.7,18.0,1651762,69785349.3,3795,RELINFRA
2019-11-05,EQ,40.45,40.45,40.45,38.55,40.45,40.45,40.45,373.7,18.0,1524853,61680303.85,1283,RELINFRA
2019-11-04,EQ,38.55,38.55,38.55,36.75,38.55,38.55,38.55,373.7,18.0,273575,10546316.25,785,RELINFRA
2019-11-01,EQ,36.75,36.75,35.1,35.0,36.75,36.75,36.47,380.75,18.0,5658060,206349321.5,10989,RELINFRA
2019-10-31,EQ,35.0,35.0,33.65,33.35,35.0,35.0,34.99,380.75,18.0,1463906,51214834.75,1536,RELINFRA
2019-10-30,EQ,33.35,33.35,33.35,31.8,33.35,33.35,33.35,380.75,18.0,200692,6693078.2,726,RELINFRA
2019-10-29,EQ,30.9,31.8,30.4,30.3,31.8,31.8,31.72,380.75,18.0,2241815,71104567.7,3187,RELINFRA
2019-10-27,EQ,29.8,30.3,29.7,28.9,30.3,30.3,30.17,380.75,18.0,605685,18273357.2,2095,RELINFRA
2019-10-25,EQ,28.9,28.9,26.65,27.55,28.9,28.9,28.47,380.75,18.0,7101318,202178940.6,11458,RELINFRA
2019-10-24,EQ,27.55,27.55,27.55,26.25,27.55,27.55,27.55,380.75,18.0,269688,7429904.4,796,RELINFRA
2019-10-23,EQ,25.0,26.25,23.25,23.9,26.25,26.25,25.27,380.75,18.0,4437455,112113702.55,14460,RELINFRA
2019-10-22,EQ,23.1,23.9,22.9,21.75,23.9,23.9,23.78,380.75,18.0,3741030,88978237.85,8628,RELINFRA
2019-10-18,EQ,19.75,21.75,19.3,19.8,21.75,21.75,21.31,380.75,18.0,3970243,84609218.3,9803,RELINFRA
2019-10-17,EQ,18.5,20.15,18.0,18.6,20.1,19.8,18.92,380.75,18.0,4659583,88145962.95,14389,RELINFRA
2019-10-16,EQ,18.5,20.4,18.15,18.8,18.55,18.6,18.96,380.75,18.05,4827679,91538692.8,12286,RELINFRA
2019-10-15,EQ,19.75,21.85,18.05,20.0,18.7,18.8,19.72,380.75,18.05,12931100,254996385.85,27248,RELINFRA
2019-10-14,EQ,21.5,22.0,19.85,22.1,19.95,20.0,20.84,380.75,19.85,6320813,131717172.75,20955,RELINFRA
2019-10-11,EQ,23.65,23.8,21.25,23.65,21.9,22.1,22.26,380.75,21.25,4879842,108629850.2,18059,RELINFRA
2019-10-10,EQ,24.7,26.0,23.25,24.35,23.35,23.65,24.3,380.75,23.25,5176152,125801985.15,16832,RELINFRA
2019-10-09,EQ,25.85,25.9,24.0,25.8,24.1,24.35,24.62,380.75,24.0,3488577,85879443.3,12765,RELINFRA
2019-10-07,EQ,26.65,26.95,25.2,26.0,26.0,25.8,25.92,380.75,25.2,2814759,72952090.85,7807,RELINFRA
2019-10-04,EQ,26.25,27.7,25.45,26.1,26.45,26.0,26.53,380.75,25.45,9800327,259988085.7,31378,RELINFRA
2019-10-03,EQ,27.55,28.55,25.9,27.7,26.15,26.1,27.15,380.75,25.9,11189377,303770169.5,31465,RELINFRA
2019-10-01,EQ,28.9,32.1,26.25,29.3,28.05,27.7,29.74,380.75,26.25,15498347,460976553.75,47283,RELINFRA
2019-09-30,EQ,32.9,33.0,28.65,33.4,28.7,29.3,30.17,380.75,28.65,8576681,258791168.95,28136,RELINFRA
2019-09-27,EQ,34.6,34.8,32.45,35.0,32.5,33.4,33.91,380.75,32.45,4882864,165560767.1,15140,RELINFRA
2019-09-26,EQ,36.3,36.3,34.1,36.0,34.4,35.0,35.13,380.75,33.05,12709735,446454892.05,34801,RELINFRA
2019-09-25,EQ,36.65,37.05,35.1,36.65,35.45,36.0,36.18,380.75,33.05,12106626,438058990.85,28433,RELINFRA
2019-09-24,EQ,36.25,37.8,35.55,36.05,36.45,36.65,36.72,380.75,33.05,14609768,536539446.4,31989,RELINFRA
2019-09-23,EQ,37.0,38.0,34.55,36.6,36.15,36.05,36.15,380.75,33.05,16160974,584140025.75,44608,RELINFRA
2019-09-20,EQ,36.3,39.7,34.8,36.2,36.5,36.6,37.38,454.45,33.05,21745588,812913652.6,63111,RELINFRA
2019-09-19,EQ,37.55,38.4,35.1,37.45,36.0,36.2,36.82,454.45,33.05,15310213,563776906.0,39437,RELINFRA
2019-09-18,EQ,38.7,39.1,37.05,38.15,37.75,37.45,38.03,454.45,33.05,16051116,610356340.1,41426,RELINFRA
2019-09-17,EQ,39.5,40.4,37.8,40.05,38.3,38.15,39.34,454.45,33.05,13264373,521803135.8,40438,RELINFRA
2019-09-16,EQ,39.9,41.4,39.35,40.15,39.8,40.05,40.32,454.45,33.05,15004535,605034184.3,44157,RELINFRA
2019-09-13,EQ,40.3,40.8,38.5,40.05,40.2,40.15,39.61,485.3,33.05,15492136,613605162.25,39376,RELINFRA
2019-09-12,EQ,40.6,42.3,39.7,40.5,40.5,40.05,40.76,485.3,33.05,18922938,771299403.35,46981,RELINFRA
2019-09-11,EQ,38.4,41.5,38.1,38.7,40.3,40.5,40.12,485.3,33.05,21615403,867197386.95,54106,RELINFRA
2019-09-09,EQ,37.8,39.95,37.3,37.7,38.1,38.7,38.79,485.3,33.05,15286022,592929669.7,43187,RELINFRA
2019-09-06,EQ,37.5,38.15,36.55,37.35,37.7,37.7,37.32,489.55,33.05,15396193,574584803.45,35026,RELINFRA
2019-09-05,EQ,36.1,38.05,34.8,35.9,37.55,37.35,36.85,489.55,33.05,24897496,917510777.8,64290,RELINFRA
2019-09-04,EQ,36.3,37.4,35.4,36.35,35.6,35.9,36.48,489.55,33.05,16358663,596779958.05,48145,RELINFRA
2019-09-03,EQ,37.0,39.4,36.0,38.85,36.0,36.35,37.69,489.55,33.05,20521730,773374800.75,55924,RELINFRA
2019-08-30,EQ,36.65,39.4,35.7,36.3,38.55,38.85,37.66,489.55,33.05,26696385,1005372648.5,74049,RELINFRA
2019-08-29,EQ,37.15,38.05,34.9,38.3,36.3,36.3,36.27,489.55,33.05,18217908,660787554.25,56184,RELINFRA
2019-08-28,EQ,40.15,41.2,37.35,40.15,37.8,38.3,39.14,489.55,33.05,18797832,735797107.9,58467,RELINFRA
2019-08-27,EQ,41.9,42.45,39.35,42.75,40.4,40.15,40.76,489.55,33.05,32169097,1311184253.55,86965,RELINFRA
2019-08-26,EQ,38.4,44.35,36.35,37.75,42.4,42.75,40.96,489.55,33.05,45228096,1852447576.4,123271,RELINFRA
2019-08-23,EQ,35.9,38.95,33.05,36.7,37.5,37.75,37.34,489.55,33.05,31069750,1160285626.9,100641,RELINFRA
2019-08-22,EQ,42.2,42.9,34.35,42.0,38.3,36.7,38.03,489.55,34.35,26781604,1018531944.7,86957,RELINFRA
2019-08-21,EQ,43.0,43.65,41.05,42.55,42.15,42.0,42.25,489.55,37.25,21377146,903199231.8,65479,RELINFRA
2019-08-20,EQ,43.75,44.45,41.75,44.3,42.25,42.55,42.9,489.55,37.25,24162866,1036663403.1,70622,RELINFRA
2019-08-19,EQ,46.5,47.45,43.2,46.3,44.3,44.3,44.66,489.55,37.25,25689217,1147320818.45,83421,RELINFRA
2019-08-16,EQ,48.7,50.3,45.3,49.4,46.3,46.3,47.12,489.55,37.25,30149698,1420803198.75,93264,RELINFRA
2019-08-14,EQ,46.8,51.0,46.45,45.05,48.8,49.4,48.93,489.55,37.25,41108903,2011509320.65,128350,RELINFRA
2019-08-13,EQ,47.7,48.5,44.35,47.45,45.0,45.05,46.11,489.55,37.25,20379086,939642584.05,64879,RELINFRA
2019-08-09,EQ,48.0,49.65,46.15,46.5,47.45,47.45,47.82,489.55,37.25,20980560,1003326249.3,70282,RELINFRA
2019-08-08,EQ,50.95,51.1,44.0,50.65,46.7,46.5,46.35,489.55,37.25,33311475,1543953052.4,114881,RELINFRA
2019-08-07,EQ,50.95,53.7,50.0,50.25,50.8,50.65,51.72,489.55,37.25,24124038,1247594430.3,75611,RELINFRA
2019-08-06,EQ,48.0,51.0,47.8,48.5,50.7,50.25,49.58,489.55,37.25,19676689,975480193.45,59471,RELINFRA
2019-08-05,EQ,49.0,50.9,47.65,50.05,47.95,48.5,49.21,489.55,37.25,24498203,1205568762.65,71363,RELINFRA
2019-08-02,EQ,48.15,51.3,47.15,50.1,50.35,50.05,49.53,489.55,37.25,30091081,1490275811.25,109122,RELINFRA
2019-08-01,EQ,47.0,52.8,46.7,47.15,49.95,50.1,50.17,489.55,37.25,48356350,2425845084.85,165902,RELINFRA
2019-07-31,EQ,43.0,48.9,42.85,42.85,48.3,47.15,45.22,489.55,37.25,26708681,1207638072.6,83252,RELINFRA
2019-07-30,EQ,47.05,47.95,42.15,46.4,43.3,42.85,45.31,489.55,37.25,22137558,1002980618.85,74970,RELINFRA
2019-07-29,EQ,50.5,50.55,44.35,50.5,46.25,46.4,46.97,489.55,37.25,32991421,1549495574.6,97413,RELINFRA
2019-07-26,EQ,47.3,51.4,46.9,47.15,50.55,50.5,49.22,489.55,37.25,36322166,1787754129.0,113836,RELINFRA
2019-07-25,EQ,45.0,50.95,44.3,44.75,47.5,47.15,47.78,489.55,37.25,51118467,2442660780.0,168059,RELINFRA
2019-07-24,EQ,44.9,48.4,43.45,44.45,44.7,44.75,45.6,489.55,37.25,28664499,1307233255.1,98043,RELINFRA
2019-07-23,EQ,43.3,46.95,43.3,43.15,44.3,44.45,45.22,489.55,37.25,27237483,1231623606.95,94600,RELINFRA
2019-07-22,EQ,42.5,44.9,41.25,42.65,43.45,43.15,42.7,489.55,37.25,22011963,939847738.25,82907,RELINFRA
2019-07-19,EQ,48.35,49.05,41.9,48.1,42.15,42.65,45.23,489.55,37.25,25535467,1155016247.7,86533,RELINFRA
2019-07-18,EQ,48.5,50.8,47.3,49.65,47.9,48.1,49.11,489.55,37.25,16732028,821696764.45,59000,RELINFRA
2019-07-17,EQ,48.0,52.0,47.7,47.9,49.2,49.65,49.93,489.55,37.25,21868347,1091792603.7,78043,RELINFRA
2019-07-16,EQ,49.0,49.75,46.9,49.1,47.7,47.9,48.2,489.55,37.25,17800214,858031307.7,62180,RELINFRA
2019-07-15,EQ,51.15,51.7,48.5,50.85,48.75,49.1,50.12,489.55,37.25,16811709,842654873.15,62889,RELINFRA
2019-07-12,EQ,51.0,53.9,50.2,51.05,51.25,50.85,51.91,489.55,37.25,30707018,1593914329.4,102559,RELINFRA
2019-07-11,EQ,46.1,53.5,45.85,46.05,51.0,51.05,50.07,489.55,37.25,40285352,2017134401.95,128595,RELINFRA
2019-07-10,EQ,48.6,48.6,45.25,48.95,46.0,46.05,46.6,489.55,37.25,30322865,1413006777.7,96885,RELINFRA
2019-07-09,EQ,50.0,50.7,48.4,50.0,48.55,48.95,49.42,489.55,37.25,18340068,906280244.45,64508,RELINFRA
2019-07-08,EQ,51.0,52.4,49.4,51.15,50.0,50.0,50.65,489.55,37.25,22837427,1156663797.9,81065,RELINFRA
2019-07-05,EQ,55.25,55.9,50.7,54.65,50.8,51.15,52.85,489.55,37.25,20326211,1074334542.55,77386,RELINFRA
2019-07-04,EQ,55.05,56.7,53.7,55.05,54.9,54.65,55.3,489.55,37.25,27600893,1526380708.75,101824,RELINFRA
2019-07-03,EQ,55.2,57.25,54.1,55.05,55.0,55.05,55.69,489.55,37.25,30407132,1693339120.0,106079,RELINFRA
2019-07-02,EQ,53.25,59.5,52.65,53.05,54.95,55.05,55.86,489.55,37.25,64440568,3599434942.7,205544,RELINFRA
2019-07-01,EQ,54.35,54.8,49.6,55.6,53.05,53.05,52.35,489.55,37.25,49399886,2586075922.3,176055,RELINFRA
2019-06-28,EQ,59.65,60.4,54.2,59.5,54.4,55.6,57.52,489.55,37.25,42010305,2416437009.2,166019,RELINFRA
2019-06-27,EQ,62.0,66.0,55.5,60.95,58.85,59.5,60.48,489.55,37.25,98556151,5960879269.3,363890,RELINFRA
2019-06-26,EQ,50.8,64.9,50.4,51.95,61.15,60.95,59.43,489.55,37.25,78157980,4645093868.45,260044,RELINFRA
2019-06-25,EQ,55.2,56.95,50.4,56.5,51.9,51.95,53.33,489.55,37.25,27636160,1473749972.05,126350,RELINFRA
2019-06-24,EQ,55.0,59.5,53.5,57.5,56.0,56.5,57.08,489.55,37.25,31114504,1776072963.9,126881,RELINFRA
2019-06-21,EQ,57.9,60.7,52.35,57.55,55.9,57.5,57.19,489.55,37.25,53609200,3065831319.2,216980,RELINFRA
2019-06-20,EQ,41.0,60.4,40.15,42.65,59.25,57.55,49.64,489.55,37.25,77705716,3857354445.95,268191,RELINFRA
2019-06-19,EQ,43.95,48.7,37.25,45.65,42.7,42.65,40.74,489.55,37.25,84671079,3449787119.8,284873,RELINFRA
2019-06-18,EQ,55.8,56.3,44.1,56.35,44.85,45.65,50.68,489.55,44.1,42216477,2139622437.7,165422,RELINFRA
2019-06-17,EQ,53.25,57.4,50.5,59.15,56.7,56.35,55.16,489.55,50.5,40561615,2237366294.45,133591,RELINFRA
2019-06-14,EQ,62.75,64.1,57.8,62.8,59.8,59.15,59.76,489.55,57.8,30909722,1847100883.75,111739,RELINFRA
2019-06-13,EQ,63.5,64.3,61.25,64.25,62.65,62.8,62.8,489.55,60.0,23062897,1448339186.5,94501,RELINFRA
2019-06-12,EQ,63.1,66.6,62.2,64.65,64.1,64.25,64.65,489.55,60.0,31726494,2051163343.55,120450,RELINFRA
2019-06-11,EQ,64.05,67.0,60.0,64.05,65.7,64.65,63.51,489.55,60.0,71870053,4564687503.7,285880,RELINFRA
2019-06-10,EQ,68.65,73.9,61.3,73.95,64.2,64.05,66.47,489.55,61.3,66580085,4425715657.2,280636,RELINFRA
2019-06-07,EQ,83.45,86.8,72.7,84.9,73.45,73.95,78.78,489.55,72.7,42881500,3378267500.6,193363,RELINFRA
2019-06-06,EQ,97.4,97.4,83.35,96.95,83.45,84.9,89.1,489.55,83.35,27261058,2429023167.35,147026,RELINFRA
2019-06-04,EQ,98.9,101.45,96.5,98.95,96.65,96.95,98.78,489.55,96.5,14043431,1387235377.85,78647,RELINFRA
2019-06-03,EQ,103.0,103.8,98.6,104.0,98.9,98.95,100.09,489.55,96.55,15459808,1547318763.7,89828,RELINFRA
2019-05-31,EQ,104.2,105.8,99.05,103.2,103.6,104.0,102.74,489.55,96.55,16774501,1723448481.55,102797,RELINFRA
2019-05-30,EQ,110.15,110.5,101.4,109.5,103.2,103.2,104.6,489.55,96.55,15073175,1576618700.35,99580,RELINFRA
2019-05-29,EQ,114.6,115.0,108.3,114.65,109.7,109.5,111.27,489.55,96.55,7326814,815276722.9,50610,RELINFRA
2019-05-28,EQ,112.5,120.0,111.3,112.05,114.65,114.65,116.14,489.55,96.55,13163025,1528779682.35,78578,RELINFRA
2019-05-27,EQ,112.05,114.9,110.55,111.9,111.6,112.05,112.47,489.55,96.55,7628827,858034937.2,55503,RELINFRA
2019-05-24,EQ,116.4,116.9,111.05,114.45,111.85,111.9,113.53,489.55,96.55,10159143,1153413389.55,73825,RELINFRA
2019-05-23,EQ,124.95,126.85,112.7,121.35,114.2,114.45,120.67,489.55,96.55,14644317,1767147705.4,116575,RELINFRA
2019-05-22,EQ,120.0,122.8,115.65,118.25,121.15,121.35,119.28,489.55,96.55,7461699,890008050.85,52940,RELINFRA
2019-05-21,EQ,123.8,123.85,116.2,121.4,117.9,118.25,119.48,489.55,96.55,8749402,1045359365.8,58345,RELINFRA
2019-05-20,EQ,118.8,124.2,112.2,108.0,123.8,121.4,117.27,489.55,96.55,10580970,1240875660.1,70964,RELINFRA
2019-05-17,EQ,108.8,113.5,105.25,106.05,109.25,108.0,108.62,489.55,96.55,11047408,1199999320.8,65160,RELINFRA
2019-05-16,EQ,104.95,107.45,101.55,103.45,107.3,106.05,104.47,489.55,96.55,6829678,713478795.65,52242,RELINFRA
2019-05-15,EQ,108.0,108.7,102.9,107.4,103.9,103.45,105.2,489.55,96.55,5404625,568572866.95,38756,RELINFRA
2019-05-14,EQ,101.6,109.0,99.0,101.1,107.5,107.4,104.61,489.55,96.55,9355928,978710871.1,68595,RELINFRA
2019-05-13,EQ,107.2,109.75,100.2,107.15,101.05,101.1,104.83,489.55,96.55,6732295,705729353.65,45809,RELINFRA
2019-05-10,EQ,102.1,108.5,102.1,101.9,107.6,107.15,106.08,489.55,96.55,10773570,1142881828.6,69164,RELINFRA
2019-05-09,EQ,99.55,103.2,99.15,99.45,102.75,101.9,101.43,489.55,96.55,9073864,920336925.15,60852,RELINFRA
2019-05-08,EQ,99.0,102.4,96.6,100.9,99.85,99.45,99.51,489.55,96.55,14389998,1432004396.95,81888,RELINFRA
2019-05-07,EQ,106.15,109.0,100.0,106.1,100.35,100.9,104.74,489.55,96.55,10579715,1108146844.25,64725,RELINFRA
2019-05-06,EQ,108.0,109.25,105.15,109.9,105.9,106.1,107.06,489.55,96.55,8810074,943165609.0,54063,RELINFRA
2019-05-03,EQ,110.95,112.25,108.3,110.25,109.85,109.9,110.02,489.55,96.55,10877791,1196792292.0,68124,RELINFRA
2019-05-02,EQ,108.0,115.35,106.4,107.9,109.9,110.25,111.34,489.55,96.55,16498327,1836923620.85,111041,RELINFRA
2019-04-30,EQ,114.0,115.75,105.5,119.95,107.0,107.9,109.01,489.55,96.55,15792196,1721471251.8,108389,RELINFRA
2019-04-26,EQ,122.85,124.25,116.6,122.1,119.25,119.95,120.35,489.55,96.55,10654280,1282283793.95,71080,RELINFRA
2019-04-25,EQ,121.75,128.9,121.05,120.95,121.75,122.1,124.49,489.55,96.55,15058571,1874582703.6,98488,RELINFRA
2019-04-24,EQ,119.0,122.5,115.65,118.0,121.0,120.95,119.2,489.55,96.55,10698675,1275299372.85,74897,RELINFRA
2019-04-23,EQ,116.05,121.85,114.7,116.35,117.7,118.0,118.94,489.55,96.55,13824049,1644213904.6,80680,RELINFRA
2019-04-22,EQ,119.5,121.0,114.1,121.5,116.0,116.35,117.26,489.55,96.55,12261740,1437861886.8,83679,RELINFRA
2019-04-18,EQ,132.3,132.55,120.0,132.05,120.8,121.5,123.83,489.55,96.55,16928048,2096248439.75,111215,RELINFRA
2019-04-16,EQ,132.5,136.3,130.2,132.0,132.0,132.05,133.47,489.55,96.55,7716491,1029950710.1,52133,RELINFRA
2019-04-15,EQ,132.2,134.2,130.5,131.4,131.9,132.0,132.4,489.55,96.55,3808950,504307034.15,26642,RELINFRA
2019-04-12,EQ,129.1,132.2,128.5,128.95,131.35,131.4,130.61,489.55,96.55,5807969,758572468.65,40577,RELINFRA
2019-04-11,EQ,131.5,132.4,127.65,131.4,128.7,128.95,128.95,489.55,96.55,5420241,698937070.65,36978,RELINFRA
2019-04-10,EQ,130.8,134.3,130.1,130.5,131.7,131.4,132.22,489.55,96.55,7094620,938079272.1,58911,RELINFRA
2019-04-09,EQ,133.15,134.35,126.4,132.55,130.5,130.5,129.4,489.55,96.55,8534769,1104390558.2,59004,RELINFRA
2019-04-08,EQ,134.3,138.3,131.35,133.55,132.45,132.55,134.82,489.55,96.55,6382109,860465562.9,43346,RELINFRA
2019-04-05,EQ,132.8,134.7,132.1,132.85,133.45,133.55,133.49,489.55,96.55,5492537,733179718.0,35926,RELINFRA
2019-04-04,EQ,137.95,138.7,132.0,137.5,132.6,132.85,134.95,489.55,96.55,6309765,851512548.15,39916,RELINFRA
2019-04-03,EQ,141.1,142.15,137.0,140.25,137.5,137.5,139.38,489.55,96.55,6939517,967221899.6,61300,RELINFRA
2019-04-02,EQ,138.0,146.4,136.8,137.55,140.5,140.25,141.81,489.55,96.55,15133257,2146071780.35,95842,RELINFRA
2019-04-01,EQ,137.8,140.0,133.9,137.0,137.4,137.55,137.61,489.55,96.55,6885735,947539275.05,45100,RELINFRA
2019-03-29,EQ,135.85,140.3,135.55,135.2,136.2,137.0,137.94,489.55,96.55,8789953,1212447209.35,54833,RELINFRA
2019-03-28,EQ,132.35,135.95,131.2,130.95,135.55,135.2,134.56,489.55,96.55,7584343,1020571740.0,68508,RELINFRA
2019-03-27,EQ,134.35,137.25,130.0,133.15,130.7,130.95,134.18,489.55,96.55,9668897,1297399429.9,60540,RELINFRA
2019-03-26,EQ,129.0,136.7,128.7,128.2,133.5,133.15,133.31,489.55,96.55,11785336,1571151885.3,71652,RELINFRA
2019-03-25,EQ,126.8,132.75,126.05,130.55,128.15,128.2,129.52,489.55,96.55,9384294,1215456238.5,61450,RELINFRA
2019-03-22,EQ,137.2,138.45,129.65,137.15,129.9,130.55,133.58,489.55,96.55,8126674,1085552982.2,56307,RELINFRA
2019-03-20,EQ,137.4,140.0,135.65,137.1,136.95,137.15,137.75,489.55,96.55,8515892,1173063189.15,60980,RELINFRA
2019-03-19,EQ,142.5,146.05,136.0,135.0,136.75,137.1,140.07,489.55,96.55,19368390,2712964868.15,119423,RELINFRA
2019-03-18,EQ,132.85,138.35,132.8,131.65,133.6,135.0,135.71,489.55,96.55,13176692,1788200906.85,92591,RELINFRA
2019-03-15,EQ,124.25,134.45,121.1,125.0,132.8,131.65,126.84,489.55,96.55,20051293,2543366615.7,112840,RELINFRA
2019-03-14,EQ,130.0,131.4,124.2,129.8,124.5,125.0,126.51,489.55,96.55,12742845,1612122777.9,77313,RELINFRA
2019-03-13,EQ,132.25,132.5,129.1,131.25,129.6,129.8,130.87,489.55,96.55,6196465,810924784.1,45413,RELINFRA
2019-03-12,EQ,134.4,135.75,129.0,132.25,130.45,131.25,133.28,489.55,96.55,7962543,1061225140.5,51022,RELINFRA
2019-03-11,EQ,126.2,133.9,125.65,130.2,132.85,132.25,131.17,489.55,96.55,12312022,1615004971.05,81373,RELINFRA
2019-03-08,EQ,134.1,136.95,129.5,133.3,130.2,130.2,133.18,489.55,96.55,13832767,1842216152.4,87335,RELINFRA
2019-03-07,EQ,136.0,137.6,132.1,134.7,133.45,133.3,134.24,489.55,96.55,12254216,1645054932.15,87073,RELINFRA
2019-03-06,EQ,132.0,142.4,130.75,130.4,134.55,134.7,137.54,489.55,96.55,25797590,3548143184.8,170368,RELINFRA
2019-03-05,EQ,125.0,133.25,124.85,125.25,130.05,130.4,130.66,489.55,96.55,17468023,2282379322.4,138826,RELINFRA
2019-03-01,EQ,123.9,127.8,121.65,122.8,124.6,125.25,124.76,489.55,96.55,21588299,2693254270.7,113353,RELINFRA
2019-02-28,EQ,129.3,129.45,120.75,128.0,122.5,122.8,123.54,489.55,96.55,23600657,2915718418.1,117245,RELINFRA
2019-02-27,EQ,134.1,135.9,127.0,132.25,127.3,128.0,131.14,489.55,96.55,11439426,1500148947.9,70834,RELINFRA
2019-02-26,EQ,128.45,134.0,126.8,131.15,130.75,132.25,130.78,489.55,96.55,14329305,1873969743.55,80225,RELINFRA
2019-02-25,EQ,134.95,137.6,128.85,133.75,130.6,131.15,133.11,489.55,96.55,17453561,2323157311.85,101811,RELINFRA
2019-02-22,EQ,125.2,139.5,123.6,124.45,133.1,133.75,133.93,489.55,96.55,34461210,4615492183.15,215999,RELINFRA
2019-02-21,EQ,118.0,125.8,116.0,119.6,123.55,124.45,121.92,489.55,96.55,18854987,2298745078.4,125542,RELINFRA
2019-02-20,EQ,123.0,124.2,111.55,122.25,120.1,119.6,117.08,489.55,96.55,26845895,3143172064.25,164362,RELINFRA
2019-02-19,EQ,123.85,125.5,121.0,123.15,121.8,122.25,122.97,489.55,96.55,12533703,1541331736.45,76122,RELINFRA
2019-02-18,EQ,126.4,137.8,120.4,114.95,122.7,123.15,125.82,489.55,96.55,32556611,4096258284.15,188145,RELINFRA
2019-02-15,EQ,117.0,120.6,114.0,117.35,114.0,114.95,116.77,489.55,96.55,12758179,1489796080.2,87198,RELINFRA
2019-02-14,EQ,110.1,119.75,110.0,113.1,117.1,117.35,115.2,489.55,96.55,20679331,2382231342.8,122702,RELINFRA
2019-02-13,EQ,112.7,117.35,108.6,112.65,111.0,113.1,113.74,489.55,96.55,21613713,2458240007.2,138580,RELINFRA
2019-02-12,EQ,116.45,118.5,106.75,115.5,111.2,112.65,111.97,489.55,96.55,36900192,4131759942.25,230685,RELINFRA
2019-02-11,EQ,123.0,126.7,113.5,118.15,115.95,115.5,118.74,489.55,96.55,30015871,3564201171.0,200293,RELINFRA
2019-02-08,EQ,102.0,127.05,96.55,110.65,118.6,118.15,115.49,489.55,96.55,83718321,9668501402.55,598813,RELINFRA
2019-02-07,EQ,151.1,151.95,107.1,154.3,108.3,110.65,121.79,489.55,107.1,134735370,16409911431.95,966386,RELINFRA
2019-02-06,EQ,224.9,229.0,141.4,227.25,155.0,154.3,166.8,489.55,141.4,87700480,14628190953.7,767316,RELINFRA
2019-02-05,EQ,225.0,238.8,220.45,227.1,226.0,227.25,229.07,489.55,220.45,14361852,3289916625.15,122764,RELINFRA
2019-02-04,EQ,253.0,257.75,221.4,267.1,227.0,227.1,232.67,489.55,221.4,16577801,3857182435.2,152721,RELINFRA
2019-02-01,EQ,269.0,279.05,263.2,268.95,265.8,267.1,270.49,525.45,252.35,3108550,840842132.25,33362,RELINFRA
2019-01-31,EQ,270.0,271.5,260.35,269.2,268.65,268.95,265.98,525.45,252.35,3537287,940857077.85,51392,RELINFRA
2019-01-30,EQ,267.45,271.5,263.55,265.45,269.0,269.2,267.65,525.45,252.35,2724905,729331923.7,44094,RELINFRA
2019-01-29,EQ,256.8,268.15,255.0,257.5,265.75,265.45,263.46,525.45,252.35,3828994,1008780290.8,57777,RELINFRA
2019-01-28,EQ,272.9,274.3,252.35,270.7,256.8,257.5,260.72,525.45,252.35,4587277,1196002688.7,57344,RELINFRA
2019-01-25,EQ,283.15,287.25,264.4,282.15,271.8,270.7,279.07,533.0,264.4,3347714,934255313.75,55294,RELINFRA
2019-01-24,EQ,282.7,285.75,277.6,281.75,283.0,282.15,281.73,533.0,275.1,3634634,1023970751.0,56555,RELINFRA
2019-01-23,EQ,280.2,287.5,278.0,279.3,281.5,281.75,282.77,533.0,275.1,4789882,1354429136.7,82528,RELINFRA
2019-01-22,EQ,288.0,294.0,276.4,289.65,278.95,279.3,282.66,533.0,275.1,5143230,1453800725.75,64660,RELINFRA
2019-01-21,EQ,298.9,298.9,288.0,298.3,289.0,289.65,292.89,533.0,275.1,3111125,911213239.25,33487,RELINFRA
2019-01-18,EQ,299.0,304.0,292.3,296.45,296.6,298.3,299.22,565.0,275.1,6027997,1803681529.45,69159,RELINFRA
2019-01-17,EQ,314.8,316.75,294.0,314.2,295.3,296.45,301.69,565.0,275.1,5825105,1757398830.05,59503,RELINFRA
2019-01-16,EQ,310.35,325.0,309.05,310.1,313.6,314.2,318.62,565.0,275.1,5355029,1706205222.4,59810,RELINFRA
2019-01-15,EQ,309.0,312.35,307.1,306.3,310.35,310.1,309.89,565.0,275.1,2931904,908576357.0,40549,RELINFRA
2019-01-14,EQ,306.1,310.35,305.0,307.7,305.1,306.3,307.55,565.0,275.1,2824338,868634358.1,42539,RELINFRA
2019-01-11,EQ,305.0,309.4,302.2,305.95,306.15,307.7,306.01,589.7,275.1,2519076,770858429.35,34236,RELINFRA
2019-01-10,EQ,302.0,312.0,301.1,300.6,306.05,305.95,307.4,589.7,275.1,4522648,1390258028.95,49276,RELINFRA
2019-01-09,EQ,302.5,306.25,294.65,301.9,303.0,300.6,300.14,589.7,275.1,2819774,846318240.95,50422,RELINFRA
2019-01-08,EQ,300.65,303.0,297.85,299.45,301.25,301.9,300.87,589.7,275.1,2452301,737818387.2,29708,RELINFRA
2019-01-07,EQ,298.65,305.0,297.3,296.8,298.45,299.45,301.17,589.7,275.1,3068380,924098243.85,33930,RELINFRA
2019-01-04,EQ,287.95,298.4,286.15,289.25,296.6,296.8,292.35,589.9,275.1,4710594,1377128227.85,60461,RELINFRA
2019-01-03,EQ,305.5,307.95,287.65,305.95,289.0,289.25,298.46,589.9,275.1,3779366,1127979805.7,36909,RELINFRA
2019-01-02,EQ,315.6,317.25,302.9,316.6,305.05,305.95,309.5,589.9,275.1,3467764,1073263127.25,30530,RELINFRA
2019-01-01,EQ,315.55,318.95,312.75,316.2,316.0,316.6,316.23,589.9,275.1,2010745,635856625.5,19224,RELINFRA
2018-12-31,EQ,313.5,317.9,308.55,311.95,315.3,316.2,314.09,589.9,275.1,3852359,1209990386.55,35310,RELINFRA
2018-12-28,EQ,305.8,316.4,303.8,302.8,312.05,311.95,312.63,589.9,275.1,5731066,1791711812.9,53544,RELINFRA
2018-12-27,EQ,306.8,307.9,301.55,303.4,302.8,302.8,304.07,589.9,275.1,2505387,761810987.35,25215,RELINFRA
2018-12-26,EQ,305.55,307.4,300.4,307.5,303.6,303.4,304.13,589.9,275.1,3519072,1070254177.05,31345,RELINFRA
2018-12-24,EQ,309.5,311.7,303.8,307.6,307.55,307.5,308.13,589.9,275.1,3481179,1072643097.55,40535,RELINFRA
2018-12-21,EQ,302.8,309.35,298.05,302.65,307.5,307.6,304.54,589.9,275.1,5425211,1652184851.95,59569,RELINFRA
2018-12-20,EQ,293.0,303.55,292.3,299.2,303.0,302.65,300.02,589.9,275.1,4960746,1488320938.15,55596,RELINFRA
2018-12-19,EQ,296.0,302.4,291.35,295.15,298.1,299.2,296.74,589.9,275.1,5701030,1691742600.85,64777,RELINFRA
2018-12-18,EQ,286.1,296.65,286.1,288.15,296.0,295.15,291.98,589.9,275.1,4588109,1339640263.9,50475,RELINFRA
2018-12-17,EQ,292.9,295.9,286.3,291.95,288.0,288.15,289.5,589.9,275.1,5007644,1449728333.85,55254,RELINFRA
2018-12-14,EQ,287.0,312.0,285.75,286.95,290.9,291.95,297.63,589.9,275.1,13441547,4000615980.4,122437,RELINFRA
2018-12-13,EQ,298.5,306.1,279.25,296.15,287.6,286.95,295.84,589.9,275.1,5581014,1651097726.35,61277,RELINFRA
2018-12-12,EQ,295.0,302.5,294.0,292.65,295.3,296.15,297.68,589.9,275.1,4801165,1429225200.8,49580,RELINFRA
2018-12-11,EQ,294.0,302.6,290.65,297.5,293.0,292.65,297.17,589.9,275.1,5795739,1722297244.5,45817,RELINFRA
2018-12-10,EQ,298.0,306.35,296.0,307.95,296.4,297.5,300.61,589.9,275.1,2784800,837143286.25,30088,RELINFRA
2018-12-07,EQ,300.15,310.0,293.0,299.5,307.9,307.95,303.06,589.9,275.1,5503724,1667931583.55,64514,RELINFRA
2018-12-06,EQ,303.1,305.8,292.5,307.35,298.75,299.5,299.06,589.9,275.1,6331083,1893362677.1,70834,RELINFRA
2018-12-05,EQ,327.0,333.4,305.25,329.0,306.15,307.35,313.91,589.9,275.1,7377924,2316022828.5,78831,RELINFRA
2018-12-04,EQ,332.0,335.9,327.4,331.9,329.0,329.0,329.82,589.9,275.1,3255959,1073884342.0,46742,RELINFRA
2018-12-03,EQ,334.0,339.1,326.1,331.3,330.95,331.9,332.75,589.9,275.1,4051303,1348084792.9,39212,RELINFRA
2018-11-30,EQ,349.1,351.0,328.25,348.25,329.5,331.3,337.35,589.9,275.1,6214362,2096392054.2,68637,RELINFRA
2018-11-29,EQ,363.4,363.8,342.35,362.05,347.35,348.25,350.36,589.9,275.1,3255326,1140544673.65,37828,RELINFRA
2018-11-28,EQ,357.1,366.85,357.1,355.95,360.5,362.05,361.89,589.9,275.1,2848522,1030845126.25,32942,RELINFRA
2018-11-27,EQ,352.8,357.95,345.6,352.2,355.75,355.95,351.73,589.9,275.1,2804446,986394285.25,42098,RELINFRA
2018-11-26,EQ,359.9,361.2,346.65,357.1,352.25,352.2,352.64,589.9,275.1,2632450,928304999.0,29261,RELINFRA
2018-11-22,EQ,365.9,367.0,355.3,363.5,358.9,357.1,361.35,589.9,275.1,2351621,849762329.5,26758,RELINFRA
2018-11-21,EQ,357.0,368.5,356.0,356.4,366.0,363.5,363.96,589.9,275.1,4155491,1512443219.4,58812,RELINFRA
2018-11-20,EQ,351.0,360.5,348.65,352.95,357.0,356.4,355.85,589.9,275.1,4775179,1699258885.35,50613,RELINFRA
2018-11-19,EQ,329.0,361.0,329.0,329.95,353.0,352.95,351.11,589.9,275.1,7648170,2685379441.4,86408,RELINFRA
2018-11-16,EQ,351.5,353.0,324.05,352.25,329.2,329.95,335.11,589.9,275.1,4180809,1401049025.4,48942,RELINFRA
2018-11-15,EQ,351.0,356.4,344.6,350.7,352.05,352.25,351.72,589.9,275.1,2387418,839691675.4,26256,RELINFRA
2018-11-14,EQ,358.45,359.05,344.35,357.05,349.2,350.7,351.7,589.9,275.1,2842467,999696459.7,35584,RELINFRA
2018-11-13,EQ,347.85,365.55,341.0,349.85,356.55,357.05,351.63,589.9,275.1,3005422,1056798205.35,37789,RELINFRA
2018-11-12,EQ,354.05,358.3,348.15,354.6,348.3,349.85,352.36,589.9,275.1,2075177,731219493.5,24464,RELINFRA
2018-11-09,EQ,359.5,363.35,351.1,359.4,354.05,354.6,357.07,589.9,275.1,2528340,902802525.7,26155,RELINFRA
2018-11-07,EQ,361.3,362.0,358.2,357.9,359.1,359.4,359.52,589.9,275.1,231011,83052371.55,3225,RELINFRA
2018-11-06,EQ,361.9,369.5,353.8,359.0,357.0,357.9,361.85,589.9,275.1,2325302,841405966.1,31983,RELINFRA
2018-11-05,EQ,373.7,373.7,355.1,375.45,359.0,359.0,362.14,589.9,275.1,2706869,980278146.7,37462,RELINFRA
2018-11-02,EQ,365.0,380.75,362.05,360.75,373.9,375.45,374.03,589.9,275.1,2650661,991435470.1,36360,RELINFRA
2018-11-01,EQ,359.6,365.65,355.05,358.65,360.55,360.75,360.53,589.9,275.1,2503062,902439081.55,31817,RELINFRA
2018-10-31,EQ,354.0,360.4,340.5,350.55,358.5,358.65,351.08,589.9,275.1,3137888,1101660923.25,38787,RELINFRA
2018-10-30,EQ,348.4,356.75,345.1,351.05,351.0,350.55,350.94,589.9,275.1,2707755,950253441.0,39698,RELINFRA
2018-10-29,EQ,334.0,353.45,329.05,331.7,350.85,351.05,343.62,589.9,275.1,3236108,1111997508.7,33896,RELINFRA
2018-10-26,EQ,338.6,341.75,327.6,341.95,331.1,331.7,333.29,589.9,275.1,3047599,1015749072.95,34517,RELINFRA
2018-10-25,EQ,337.0,346.95,334.4,342.8,345.0,341.95,340.55,589.9,275.1,2797860,952811114.9,34173,RELINFRA
2018-10-24,EQ,327.6,348.0,327.5,322.6,346.9,342.8,336.54,589.9,275.1,3606472,1213737791.15,41562,RELINFRA
2018-10-23,EQ,323.3,332.75,314.35,327.25,324.0,322.6,324.31,589.9,275.1,2490521,807712700.15,27320,RELINFRA
2018-10-22,EQ,335.0,336.05,322.7,332.75,328.75,327.25,327.49,589.9,275.1,2968751,972243228.1,31494,RELINFRA
2018-10-19,EQ,310.2,343.75,310.2,316.55,334.0,332.75,330.49,589.9,275.1,6603885,2182545621.6,79884,RELINFRA
2018-10-17,EQ,343.0,343.1,312.65,335.45,319.5,316.55,326.88,589.9,275.1,3426625,1120108328.9,36064,RELINFRA
2018-10-16,EQ,330.4,340.0,330.4,327.55,337.3,335.45,335.47,589.9,275.1,3448092,1156720388.4,42035,RELINFRA
2018-10-15,EQ,331.9,331.9,318.9,329.2,330.4,327.55,324.84,589.9,275.1,3108546,1009792773.25,33946,RELINFRA
2018-10-12,EQ,305.0,339.4,305.0,300.85,328.0,329.2,324.06,589.9,275.1,5957121,1930480120.6,77736,RELINFRA
2018-10-11,EQ,291.1,313.4,288.1,310.5,301.0,300.85,302.43,589.9,275.1,3464620,1047803185.25,37576,RELINFRA
2018-10-10,EQ,295.0,314.85,295.0,295.65,310.5,310.5,307.14,589.9,275.1,3607229,1107930876.4,40303,RELINFRA
2018-10-09,EQ,280.0,302.7,280.0,286.7,294.3,295.65,292.37,589.9,275.1,4814210,1407517469.2,50778,RELINFRA
2018-10-08,EQ,287.05,296.7,275.1,289.6,284.5,286.7,286.52,589.9,275.1,5052717,1447682145.45,53162,RELINFRA
2018-10-05,EQ,294.5,304.0,284.75,297.1,286.0,289.6,297.86,589.9,281.35,3571116,1063680240.35,45086,RELINFRA
2018-10-04,EQ,291.0,306.0,290.1,301.75,295.0,297.1,298.92,589.9,281.35,4462915,1334048001.7,49757,RELINFRA
2018-10-03,EQ,296.15,317.4,289.55,299.1,295.8,301.75,305.85,589.9,281.35,5746629,1757589075.95,56910,RELINFRA
2018-10-01,EQ,297.25,302.0,281.35,300.2,297.05,299.1,291.57,589.9,281.35,5856486,1707547286.05,57503,RELINFRA
2018-09-28,EQ,303.5,308.0,285.2,303.75,299.75,300.2,296.71,589.9,285.2,8397841,2491717828.75,80539,RELINFRA
2018-09-27,EQ,324.75,325.5,300.7,321.15,305.15,303.75,311.4,589.9,300.7,5236647,1630710952.85,51309,RELINFRA
2018-09-26,EQ,324.0,326.4,312.7,318.35,320.0,321.15,320.24,589.9,303.95,4273637,1368570362.8,51791,RELINFRA
2018-09-25,EQ,330.0,334.3,303.95,329.45,318.5,318.35,318.87,589.9,303.95,5861118,1868913877.45,63601,RELINFRA
2018-09-24,EQ,343.5,344.3,325.15,343.7,328.0,329.45,333.76,589.9,325.15,4684062,1563368010.75,51806,RELINFRA
2018-09-21,EQ,390.0,394.75,328.5,386.45,342.8,343.7,369.29,589.9,328.5,9483419,3502129165.6,94160,RELINFRA
2018-09-19,EQ,430.0,431.3,383.1,427.85,387.1,386.45,399.97,589.9,364.65,7951241,3180285354.3,86331,RELINFRA
2018-09-18,EQ,447.5,453.35,425.25,447.3,428.5,427.85,436.67,589.9,364.65,2714385,1185291753.55,33605,RELINFRA
2018-09-17,EQ,447.95,454.45,444.05,452.0,447.9,447.3,449.43,589.9,364.65,2480629,1114864333.1,28405,RELINFRA
2018-09-14,EQ,440.5,456.5,440.5,440.15,451.0,452.0,451.0,589.9,364.65,2902539,1309033355.3,40730,RELINFRA
2018-09-12,EQ,452.3,453.25,433.5,457.2,437.6,440.15,440.78,589.9,364.65,3896674,1717568673.85,49529,RELINFRA
2018-09-11,EQ,469.05,474.2,454.85,465.6,457.05,457.2,465.0,589.9,364.65,2800663,1302317651.25,43122,RELINFRA
2018-09-10,EQ,467.2,485.3,462.2,473.55,463.0,465.6,473.64,589.9,364.65,4681192,2217184532.4,70555,RELINFRA
2018-09-07,EQ,466.15,479.8,463.0,469.75,472.0,473.55,472.72,589.9,364.65,4152251,1962839025.2,52655,RELINFRA
2018-09-06,EQ,482.0,484.75,467.0,479.55,468.0,469.75,474.96,589.9,364.65,6384058,3032152105.5,79888,RELINFRA
2018-09-05,EQ,449.95,481.95,446.0,452.85,478.45,479.55,467.51,589.9,364.65,8428623,3940498850.5,117827,RELINFRA
2018-09-04,EQ,469.95,470.2,450.5,472.95,453.95,452.85,459.79,589.9,364.65,4925427,2264661719.3,79357,RELINFRA
2018-09-03,EQ,480.0,489.55,465.25,477.95,467.7,472.95,480.36,589.9,364.65,6017035,2890355551.85,70835,RELINFRA
2018-08-31,EQ,463.9,481.4,455.2,463.95,476.35,477.95,468.26,589.9,364.65,8404667,3935603244.4,98465,RELINFRA
2018-08-30,EQ,439.95,478.7,433.25,439.3,464.0,463.95,461.01,589.9,364.65,17817637,8214052834.05,192254,RELINFRA
2018-08-29,EQ,421.95,450.75,421.0,423.9,436.5,439.3,438.24,589.9,364.65,5433015,2380948146.6,72841,RELINFRA
2018-08-28,EQ,424.9,429.35,415.5,421.8,423.35,423.9,423.0,589.9,364.65,2521065,1066402648.75,37306,RELINFRA
2018-08-27,EQ,411.0,424.9,411.0,409.9,420.05,421.8,420.34,589.9,364.65,2433460,1022877222.7,38480,RELINFRA
2018-08-24,EQ,401.0,413.65,401.0,410.05,409.0,409.9,409.13,589.9,364.65,2639975,1080082666.2,28933,RELINFRA
2018-08-23,EQ,420.5,425.7,406.35,419.95,408.05,410.05,414.03,589.9,364.65,2367643,980264714.25,26137,RELINFRA
2018-08-21,EQ,426.0,428.45,417.5,426.9,420.0,419.95,421.2,589.9,364.65,2312461,974005366.45,28163,RELINFRA
2018-08-20,EQ,415.15,432.6,414.0,416.05,426.2,426.9,424.04,589.9,364.65,2809542,1191348539.2,35651,RELINFRA
2018-08-17,EQ,405.8,418.8,404.05,402.8,416.7,416.05,410.18,589.9,364.65,2526753,1036431127.4,33160,RELINFRA
2018-08-16,EQ,407.8,414.0,400.55,408.85,402.65,402.8,407.56,589.9,364.65,1719290,700714588.35,31128,RELINFRA
2018-08-14,EQ,407.25,413.0,400.1,406.45,408.4,408.85,407.35,589.9,364.65,2575484,1049120547.3,36757,RELINFRA
2018-08-13,EQ,404.5,413.85,397.65,408.4,406.5,406.45,407.6,589.9,364.65,2067734,842807234.7,27593,RELINFRA
2018-08-10,EQ,418.5,419.5,405.7,419.0,407.65,408.4,411.23,589.9,364.65,1512112,621827787.9,19656,RELINFRA
2018-08-09,EQ,420.5,424.5,414.35,418.7,419.75,419.0,419.92,589.9,364.65,2342825,983804798.2,27460,RELINFRA
2018-08-08,EQ,413.4,422.0,409.8,413.4,420.5,418.7,416.31,589.9,364.65,2255578,939020467.5,29393,RELINFRA
2018-08-07,EQ,414.05,417.7,407.45,413.3,413.45,413.4,413.24,589.9,364.65,2075010,857467866.5,27967,RELINFRA
2018-08-06,EQ,402.0,416.4,401.05,401.4,413.8,413.3,409.46,589.9,364.65,3646498,1493086029.2,47151,RELINFRA
2018-08-03,EQ,401.0,413.0,399.15,402.15,400.15,401.4,405.26,589.9,364.65,3522548,1427538214.8,46425,RELINFRA
2018-08-02,EQ,378.1,408.9,373.05,382.95,399.0,402.15,392.33,589.9,364.65,5769138,2263407137.15,70432,RELINFRA
2018-08-01,EQ,400.0,400.95,371.05,398.95,380.0,382.95,381.37,589.9,364.65,6738783,2569943229.45,77946,RELINFRA
2018-07-31,EQ,394.0,403.25,393.5,395.4,398.0,398.95,399.07,589.9,364.65,2081998,830863592.85,27911,RELINFRA
2018-07-30,EQ,407.0,410.35,393.25,407.9,394.6,395.4,400.5,589.9,364.65,2018641,808464735.4,24555,RELINFRA
2018-07-27,EQ,402.0,413.95,398.7,401.95,407.0,407.9,407.22,589.9,364.65,3283367,1337066941.2,50687,RELINFRA
2018-07-26,EQ,398.0,404.5,396.2,398.25,403.95,401.95,400.72,589.9,364.65,1953962,782987465.85,27353,RELINFRA
2018-07-25,EQ,399.25,404.65,393.75,399.25,396.9,398.25,398.42,589.9,364.65,1637104,652253205.0,25517,RELINFRA
2018-07-24,EQ,395.5,404.65,393.05,396.5,398.25,399.25,399.22,589.9,364.65,2405020,960136361.6,32522,RELINFRA
2018-07-23,EQ,387.0,397.85,379.25,386.75,396.0,396.5,388.99,589.9,364.65,1903824,740577815.0,25771,RELINFRA
2018-07-20,EQ,378.2,388.75,372.05,378.2,385.0,386.75,380.36,388.75,364.65,1650083,627629521.2,25130,RELINFRA
2018-07-19,EQ,377.95,384.65,371.5,377.95,378.2,378.2,377.78,388.5,364.65,1942139,733698842.25,28254,RELINFRA
2018-07-18,EQ,385.5,387.8,368.4,385.5,378.3,377.95,376.94,388.5,364.65,1995728,752262251.3,32372,RELINFRA
2018-07-17,EQ,368.9,388.5,367.75,367.85,385.5,385.5,379.67,388.5,364.65,2185449,829746521.15,31410,RELINFRA
2018-07-16,EQ,384.0,387.25,364.65,384.8,370.15,367.85,373.99,387.25,364.65,2104946,787234285.15,23901,RELINFRA
2018-07-13,EQ,391.3,391.3,378.05,387.25,385.9,384.8,383.42,589.9,374.85,1492524,572262408.25,21147,RELINFRA
2018-07-12,EQ,397.7,406.45,384.0,394.1,386.5,387.25,395.92,589.9,374.85,2541342,1006160084.25,33802,RELINFRA
2018-07-11,EQ,402.8,404.05,389.0,402.85,393.35,394.1,395.31,589.9,374.85,2286190,903753178.6,33177,RELINFRA
2018-07-10,EQ,406.0,409.35,400.2,404.7,402.5,402.85,404.08,589.9,374.85,1692053,683716653.35,25671,RELINFRA
2018-07-09,EQ,387.0,409.0,386.5,384.85,406.9,404.7,398.23,589.9,374.85,2538915,1011068654.05,36749,RELINFRA
2018-07-06,EQ,381.9,389.95,378.35,382.45,383.85,384.85,385.64,589.9,374.85,1312656,506207732.25,17333,RELINFRA
2018-07-05,EQ,382.0,388.0,378.5,381.4,382.5,382.45,383.23,589.9,374.85,1794698,687783678.9,24255,RELINFRA
2018-07-04,EQ,388.0,388.5,377.75,387.5,380.1,381.4,381.7,589.9,374.85,1975430,754016894.4,25695,RELINFRA
2018-07-03,EQ,384.8,390.45,379.0,384.15,386.0,387.5,384.74,589.9,374.85,2269043,872992695.7,28513,RELINFRA
2018-07-02,EQ,393.25,395.65,374.85,391.75,382.7,384.15,384.02,589.9,374.85,2509095,963545555.85,35662,RELINFRA
2018-06-29,EQ,392.15,404.5,389.25,396.75,391.45,391.75,394.91,589.9,375.1,3555391,1404073926.15,53472,RELINFRA
2018-06-28,EQ,395.0,402.0,387.1,395.4,396.4,396.75,395.76,589.9,375.1,2907403,1150636929.6,36565,RELINFRA
2018-06-27,EQ,419.0,419.8,390.05,418.65,394.25,395.4,401.19,589.9,375.1,2366226,949296282.0,30492,RELINFRA
2018-06-26,EQ,418.0,425.95,415.75,420.4,416.75,418.65,420.49,589.9,375.1,1366523,574613993.45,20689,RELINFRA
2018-06-25,EQ,424.7,427.2,418.55,425.7,419.95,420.4,421.94,589.9,375.1,1039134,438456930.0,16954,RELINFRA
2018-06-22,EQ,424.4,428.0,415.4,424.05,425.0,425.7,421.99,589.9,375.1,2214846,934643384.35,33715,RELINFRA
2018-06-21,EQ,441.1,441.1,422.6,441.4,423.4,424.05,429.17,589.9,375.1,2249517,965427863.45,28289,RELINFRA
2018-06-20,EQ,425.0,444.5,423.2,423.7,439.95,441.4,436.35,589.9,375.1,2620233,1143345574.75,39148,RELINFRA
2018-06-19,EQ,432.0,432.4,420.6,432.35,424.2,423.7,425.78,589.9,375.1,1379329,587286467.25,28107,RELINFRA
2018-06-18,EQ,428.0,437.5,428.0,431.95,432.2,432.35,432.68,589.9,375.1,1129782,488832791.45,19648,RELINFRA
2018-06-15,EQ,436.0,439.9,423.25,435.55,433.25,431.95,431.8,589.9,375.1,1807538,780500730.15,20101,RELINFRA
2018-06-14,EQ,434.55,438.0,429.25,439.65,435.1,435.55,434.07,589.9,375.1,1406136,610360932.35,19910,RELINFRA
2018-06-13,EQ,438.8,446.6,437.2,440.1,439.15,439.65,440.89,589.9,375.1,1738749,766598718.85,24238,RELINFRA
2018-06-12,EQ,435.0,444.0,427.6,437.5,438.8,440.1,435.85,589.9,375.1,1928692,840614810.5,26224,RELINFRA
2018-06-11,EQ,440.0,445.35,435.75,438.8,438.5,437.5,439.87,589.9,375.1,1078909,474574813.0,21344,RELINFRA
2018-06-08,EQ,437.9,441.8,432.0,441.95,438.75,438.8,437.01,589.9,375.1,1408820,615672713.3,19958,RELINFRA
2018-06-07,EQ,428.4,446.4,427.05,427.15,440.95,441.95,438.59,589.9,375.1,2406604,1055518202.6,36729,RELINFRA
2018-06-06,EQ,415.5,428.55,413.3,415.4,426.9,427.15,422.89,589.9,375.1,1600166,676700327.75,21517,RELINFRA
2018-06-05,EQ,430.0,430.5,408.25,430.25,415.95,415.4,417.58,589.9,375.1,2698548,1126863929.25,37576,RELINFRA
2018-06-04,EQ,429.2,436.35,426.0,426.9,429.4,430.25,430.96,589.9,375.1,1761375,759088772.0,23904,RELINFRA
2018-06-01,EQ,436.0,436.95,418.4,434.75,426.6,426.9,426.5,589.9,375.1,1802583,768808344.35,23492,RELINFRA
2018-05-31,EQ,441.0,447.8,423.0,430.85,435.0,434.75,432.53,589.9,375.1,3062197,1324502831.25,37940,RELINFRA
2018-05-30,EQ,421.55,438.55,421.15,426.8,429.9,430.85,432.19,589.9,375.1,2285641,987839044.6,36134,RELINFRA
2018-05-29,EQ,430.0,433.6,422.8,429.7,425.85,426.8,428.03,589.9,375.1,1738632,744183964.5,21485,RELINFRA
2018-05-28,EQ,419.95,434.4,415.0,418.25,429.0,429.7,427.45,589.9,375.1,2143562,916273446.5,26010,RELINFRA
2018-05-25,EQ,409.45,423.95,407.0,407.4,417.95,418.25,416.88,589.9,375.1,2244334,935622105.85,27501,RELINFRA
2018-05-24,EQ,409.0,411.3,400.7,407.2,408.4,407.4,406.75,589.9,375.1,1614262,656607220.95,20910,RELINFRA
2018-05-23,EQ,400.3,414.25,398.0,400.8,408.5,407.2,408.33,589.9,375.1,3071553,1254222241.0,34209,RELINFRA
2018-05-22,EQ,396.35,404.4,392.25,396.0,400.0,400.8,398.83,589.9,375.1,2250645,897619020.9,27415,RELINFRA
2018-05-21,EQ,393.0,402.4,389.0,393.05,396.3,396.0,394.86,589.9,375.1,2700916,1066481165.0,36139,RELINFRA
2018-05-18,EQ,397.2,406.0,386.55,397.75,393.1,393.05,397.09,614.2,375.1,4023644,1597737673.8,45329,RELINFRA
2018-05-17,EQ,390.1,405.5,384.3,385.3,396.05,397.75,395.42,614.2,375.1,4432642,1752741151.9,58351,RELINFRA
2018-05-16,EQ,382.5,391.45,375.1,386.9,386.0,385.3,383.17,614.2,375.1,3099881,1187794722.05,34404,RELINFRA
2018-05-15,EQ,394.7,406.55,382.6,396.15,384.5,386.9,393.99,614.2,382.6,3763351,1482705608.55,42240,RELINFRA
2018-05-14,EQ,414.5,414.5,390.3,415.9,395.9,396.15,398.06,614.2,390.3,4427283,1762330536.15,50986,RELINFRA
2018-05-11,EQ,417.05,421.25,408.55,414.55,414.15,415.9,415.56,620.05,390.55,1775490,737821759.95,24769,RELINFRA
2018-05-10,EQ,430.95,431.5,413.1,426.3,413.55,414.55,419.65,620.05,390.55,2253793,945802382.8,32623,RELINFRA
2018-05-09,EQ,438.0,439.2,424.25,440.0,426.0,426.3,430.57,620.05,390.55,2646756,1139608957.2,40822,RELINFRA
2018-05-08,EQ,448.1,449.45,437.6,449.6,439.4,440.0,441.68,620.05,390.55,2304581,1017886576.85,39093,RELINFRA
2018-05-07,EQ,426.05,456.6,422.25,423.35,447.95,449.6,439.7,620.05,390.55,4878406,2145053870.8,63359,RELINFRA
2018-05-04,EQ,414.2,424.7,402.65,413.6,424.5,423.35,415.59,620.05,390.55,3713088,1543135718.1,42690,RELINFRA
2018-05-03,EQ,432.9,432.9,411.25,433.3,413.0,413.6,418.66,620.05,390.55,2661739,1114360549.5,39231,RELINFRA
2018-05-02,EQ,452.8,460.5,430.5,451.2,433.0,433.3,447.14,620.05,390.55,2214492,990184561.0,31197,RELINFRA
2018-04-30,EQ,444.7,452.75,440.1,443.7,450.75,451.2,447.61,620.05,390.55,1276828,571520652.15,17425,RELINFRA
2018-04-27,EQ,443.05,451.3,441.5,441.35,443.85,443.7,447.05,620.05,390.55,1265156,565588590.2,19374,RELINFRA
2018-04-26,EQ,440.0,445.45,436.45,440.55,440.5,441.35,440.56,620.05,390.55,1274058,561298713.3,15476,RELINFRA
2018-04-25,EQ,440.0,445.0,436.3,441.1,438.8,440.55,440.53,620.05,390.55,1496954,659450393.65,23683,RELINFRA
2018-04-24,EQ,455.0,458.6,434.05,449.75,441.0,441.1,445.68,620.05,390.55,3301720,1471498140.75,45765,RELINFRA
2018-04-23,EQ,448.9,454.3,447.3,448.6,449.0,449.75,450.57,620.05,390.55,1403296,632280171.9,21156,RELINFRA
2018-04-20,EQ,463.0,463.5,445.45,465.05,448.5,448.6,452.86,620.05,390.55,1784435,808101048.05,18333,RELINFRA
2018-04-19,EQ,462.0,467.15,458.1,460.05,464.0,465.05,462.74,620.05,390.55,1582057,732077003.7,19344,RELINFRA
2018-04-18,EQ,461.0,465.85,456.2,459.0,460.2,460.05,461.18,620.05,390.55,1724203,795168578.5,20605,RELINFRA
2018-04-17,EQ,457.25,465.1,453.6,456.9,461.0,459.0,459.39,620.05,390.55,1764703,810684049.0,20621,RELINFRA
2018-04-16,EQ,454.95,459.15,450.3,461.9,456.85,456.9,455.3,620.05,390.55,1459973,664720504.65,21844,RELINFRA
2018-04-13,EQ,454.0,463.5,452.8,452.65,460.9,461.9,459.43,620.05,390.55,2081603,956343153.9,23423,RELINFRA
2018-04-12,EQ,453.4,459.8,449.1,455.05,453.0,452.65,454.54,620.05,390.55,1761314,800585144.1,23220,RELINFRA
2018-04-11,EQ,462.0,462.5,451.0,462.9,454.85,455.05,454.97,620.05,390.55,1571300,714887865.75,20193,RELINFRA
2018-04-10,EQ,456.0,466.9,454.6,452.2,462.45,462.9,462.05,620.05,390.55,3339764,1543148138.7,42253,RELINFRA
2018-04-09,EQ,447.0,456.0,443.75,447.0,451.55,452.2,450.25,620.05,390.55,2300974,1036015492.25,31036,RELINFRA
2018-04-06,EQ,447.15,452.9,443.4,452.2,446.8,447.0,447.77,620.05,390.55,1881144,842312649.7,20954,RELINFRA
2018-04-05,EQ,444.9,456.5,443.0,436.1,451.0,452.2,450.63,620.05,390.55,2239428,1009157949.85,26081,RELINFRA
2018-04-04,EQ,447.0,453.55,434.05,443.25,434.3,436.1,443.46,620.05,390.55,2827367,1253835056.1,31099,RELINFRA
2018-04-03,EQ,442.25,446.7,433.1,443.35,444.5,443.25,439.47,620.05,390.55,2111678,928028297.45,22762,RELINFRA
2018-04-02,EQ,426.05,448.0,426.05,427.5,441.5,443.35,439.01,620.05,390.55,2246368,986167205.8,26454,RELINFRA
2018-03-28,EQ,428.35,432.9,423.15,431.6,425.0,427.5,427.72,620.05,390.55,2102662,899361009.2,23594,RELINFRA
2018-03-27,EQ,428.6,437.55,425.5,424.8,431.6,431.6,431.76,620.05,390.55,2483569,1072313201.0,29012,RELINFRA
2018-03-26,EQ,417.0,429.15,416.6,418.7,424.45,424.8,423.08,620.05,390.55,2674523,1131534543.55,39425,RELINFRA
2018-03-23,EQ,420.0,424.7,412.05,430.4,418.0,418.7,417.43,620.05,390.55,2948049,1230611530.2,33242,RELINFRA
2018-03-22,EQ,450.0,454.15,428.85,449.55,430.0,430.4,440.52,620.05,390.55,3083612,1358383852.35,36810,RELINFRA
2018-03-21,EQ,455.25,461.8,446.0,453.05,449.3,449.55,452.19,620.05,390.55,4200817,1899586352.75,50693,RELINFRA
2018-03-20,EQ,422.0,456.8,420.1,424.25,453.05,453.05,444.54,620.05,390.55,5744461,2553621480.25,68073,RELINFRA
2018-03-19,EQ,427.0,429.5,417.5,428.6,424.3,424.25,422.98,620.05,390.55,2088481,883392625.3,24044,RELINFRA
2018-03-16,EQ,448.5,453.3,426.05,449.45,428.55,428.6,438.86,620.05,390.55,2482831,1089618606.85,33029,RELINFRA
2018-03-15,EQ,454.0,459.4,446.4,452.25,448.5,449.45,453.19,620.05,390.55,1861678,843691941.6,23296,RELINFRA
2018-03-14,EQ,445.0,456.7,443.7,451.65,451.7,452.25,450.02,620.05,390.55,2557763,1151040603.3,30387,RELINFRA
2018-03-13,EQ,432.5,456.05,430.7,430.75,448.35,451.65,442.5,620.05,390.55,4174719,1847293365.0,68362,RELINFRA
2018-03-12,EQ,423.45,437.7,409.7,416.8,436.3,430.75,421.75,620.05,390.55,2879831,1214557872.45,35331,RELINFRA
2018-03-09,EQ,426.6,431.75,413.2,427.0,418.3,416.8,423.89,620.05,390.55,2825255,1197595690.65,35977,RELINFRA
2018-03-08,EQ,415.3,429.9,409.5,409.75,427.0,427.0,419.16,620.05,390.55,4011250,1681359877.8,44279,RELINFRA
2018-03-07,EQ,432.0,436.0,406.0,433.35,410.85,409.75,421.59,620.05,390.55,3087922,1301833561.3,40383,RELINFRA
2018-03-06,EQ,436.25,450.95,428.2,434.05,428.4,433.35,441.5,620.05,390.55,3318236,1465014988.5,42837,RELINFRA
2018-03-05,EQ,442.5,445.0,430.05,441.95,433.95,434.05,436.53,620.05,390.55,2263260,987977396.3,32708,RELINFRA
2018-03-01,EQ,454.9,459.5,439.5,455.6,441.05,441.95,448.52,620.05,390.55,2242710,1005891764.9,28646,RELINFRA
2018-02-28,EQ,453.0,464.5,449.8,457.7,454.6,455.6,456.78,620.05,390.55,1982777,905699126.1,39591,RELINFRA
2018-02-27,EQ,469.0,469.4,455.1,467.65,458.15,457.7,459.89,620.05,390.55,1647547,757683513.3,19880,RELINFRA
2018-02-26,EQ,456.85,472.4,453.65,454.55,465.7,467.65,464.63,620.05,390.55,2796585,1299380136.5,41220,RELINFRA
2018-02-23,EQ,443.95,457.85,442.05,439.95,454.0,454.55,451.71,620.05,390.55,2192481,990355709.65,28853,RELINFRA
2018-02-22,EQ,442.3,448.8,438.2,443.4,439.95,439.95,443.42,620.05,390.55,2191591,971784755.85,27173,RELINFRA
2018-02-21,EQ,449.0,451.45,437.3,446.3,443.1,443.4,442.94,620.05,390.55,1825773,808715670.45,23998,RELINFRA
2018-02-20,EQ,445.0,452.7,442.3,443.85,443.95,446.3,447.83,620.05,390.55,2160846,967695710.75,31240,RELINFRA
2018-02-19,EQ,451.95,458.0,433.9,452.3,444.85,443.85,446.11,620.05,390.55,3094482,1380480271.55,41186,RELINFRA
2018-02-16,EQ,445.5,458.4,438.1,443.9,451.6,452.3,448.8,620.05,390.55,4262795,1913162198.95,52497,RELINFRA
2018-02-15,EQ,459.5,462.9,437.0,457.25,445.5,443.9,450.75,620.05,390.55,2275186,1025542194.45,32125,RELINFRA
2018-02-14,EQ,463.8,467.95,454.1,461.15,454.45,457.25,461.61,620.05,390.55,2675349,1234980119.35,36417,RELINFRA
2018-02-12,EQ,465.0,472.8,455.2,451.5,458.85,461.15,463.22,620.05,390.55,3527069,1633804092.05,44691,RELINFRA
2018-02-09,EQ,432.0,462.0,428.15,444.2,451.0,451.5,448.27,620.05,390.55,3132223,1404071308.3,45477,RELINFRA
2018-02-08,EQ,436.55,447.95,434.55,431.1,443.0,444.2,442.34,620.05,390.55,2852391,1261716063.45,39265,RELINFRA
2018-02-07,EQ,438.1,443.3,427.55,431.45,429.0,431.1,433.74,620.05,390.55,2027289,879316641.95,25601,RELINFRA
2018-02-06,EQ,410.0,441.1,407.45,446.2,430.35,431.45,425.64,620.05,390.55,2913613,1240151470.3,37403,RELINFRA
2018-02-05,EQ,428.05,454.15,428.05,449.75,452.3,446.2,442.23,620.05,390.55,3037191,1343130384.3,45148,RELINFRA
2018-02-02,EQ,485.75,486.3,441.1,492.75,447.3,449.75,460.39,620.05,390.55,3175889,1462162499.9,40752,RELINFRA
2018-02-01,EQ,497.0,504.05,480.0,496.35,492.35,492.75,495.24,620.05,390.55,2154522,1067003803.8,34090,RELINFRA
2018-01-31,EQ,507.25,512.75,492.05,508.3,495.95,496.35,502.0,620.05,390.55,2647818,1329197579.5,33722,RELINFRA
2018-01-30,EQ,506.5,518.9,505.0,509.7,507.25,508.3,512.75,620.05,390.55,2052355,1052345374.85,26062,RELINFRA
2018-01-29,EQ,516.25,525.45,500.75,513.95,507.5,509.7,514.4,620.05,390.55,2992572,1539381155.65,47956,RELINFRA
2018-01-25,EQ,517.0,522.75,511.2,515.2,517.4,513.95,516.75,620.05,390.55,2084633,1077238676.9,30963,RELINFRA
2018-01-24,EQ,517.0,521.45,507.35,516.85,514.05,515.2,513.91,620.05,390.55,1747106,897847704.6,25199,RELINFRA
2018-01-23,EQ,511.5,533.0,510.1,509.6,518.75,516.85,521.6,620.05,390.55,2592969,1352503960.8,36496,RELINFRA
2018-01-22,EQ,514.0,517.0,503.5,517.85,510.5,509.6,510.33,620.05,390.55,1637010,835411550.3,22701,RELINFRA
2018-01-19,EQ,506.4,521.75,499.3,506.5,515.45,517.85,509.58,620.05,390.55,3445081,1755547758.5,45309,RELINFRA
2018-01-18,EQ,546.0,552.15,501.5,543.95,502.5,506.5,525.02,620.05,390.55,4259050,2236104318.35,57884,RELINFRA
2018-01-17,EQ,536.8,552.7,519.4,536.5,543.0,543.95,536.11,620.05,390.55,3994984,2141747357.75,47761,RELINFRA
2018-01-16,EQ,559.45,560.9,531.6,557.85,537.8,536.5,543.4,620.05,390.55,2982930,1620922144.1,37398,RELINFRA
2018-01-15,EQ,558.2,565.0,554.25,555.4,556.5,557.85,559.96,620.05,390.55,1783142,998493548.1,27312,RELINFRA
2018-01-12,EQ,568.0,574.6,538.35,564.0,556.0,555.4,558.18,620.05,390.55,2867230,1600423199.6,36905,RELINFRA
2018-01-11,EQ,565.0,573.5,562.3,564.3,564.4,564.0,567.95,620.05,390.55,1867830,1060833121.05,22597,RELINFRA
2018-01-10,EQ,570.0,578.55,561.0,569.8,564.85,564.3,568.94,620.05,390.55,2286377,1300816898.0,30080,RELINFRA
2018-01-09,EQ,582.0,583.9,567.25,582.5,569.0,569.8,574.1,620.05,390.55,2370618,1360978513.9,29285,RELINFRA
2018-01-08,EQ,581.05,589.7,574.25,578.15,580.3,582.5,582.65,620.05,390.55,3847016,2241469815.7,46044,RELINFRA
2018-01-05,EQ,568.0,582.65,560.0,565.55,578.0,578.15,573.16,620.05,390.55,4467467,2560564262.85,48868,RELINFRA
2018-01-04,EQ,565.4,567.9,555.6,562.55,565.2,565.55,562.6,620.05,390.55,2539276,1428587356.8,33641,RELINFRA
2018-01-03,EQ,566.25,574.55,556.95,563.4,562.95,562.55,564.87,620.05,390.55,3690364,2084590996.05,49112,RELINFRA
2018-01-02,EQ,577.85,578.35,555.05,572.65,563.35,563.4,565.6,620.05,390.55,5721793,3236234866.25,68578,RELINFRA
2018-01-01,EQ,554.0,589.9,548.5,553.85,572.0,572.65,573.85,620.05,390.55,9340782,5360221029.95,109453,RELINFRA
2017-12-29,EQ,566.5,574.3,548.1,555.05,554.6,553.85,558.51,620.05,390.55,6581928,3676095150.4,70149,RELINFRA
2017-12-28,EQ,534.75,572.7,533.55,533.75,554.1,555.05,554.91,620.05,390.55,12084325,6705714834.45,122552,RELINFRA
2017-12-27,EQ,539.85,551.9,530.1,539.85,531.8,533.75,539.91,620.05,390.55,6472478,3494541160.65,74466,RELINFRA
2017-12-26,EQ,528.45,544.8,522.0,528.45,536.45,539.85,536.34,620.05,390.55,7265462,3896761427.9,89267,RELINFRA
2017-12-22,EQ,521.0,544.85,515.0,505.05,526.85,528.45,529.13,620.05,390.55,14126392,7474723324.2,152155,RELINFRA
2017-12-21,EQ,467.0,528.75,457.05,466.2,512.1,505.05,489.8,620.05,390.55,9511530,4658722635.3,112162,RELINFRA
2017-12-20,EQ,444.0,479.85,441.0,443.25,464.05,466.2,458.91,620.05,390.55,4414386,2025799255.05,57549,RELINFRA
2017-12-19,EQ,445.0,448.35,439.6,444.05,443.0,443.25,443.11,620.05,390.55,1435436,636053214.9,28009,RELINFRA
2017-12-18,EQ,446.0,451.8,425.6,448.85,443.25,444.05,445.01,620.05,390.55,1465580,652193100.5,24551,RELINFRA
2017-12-15,EQ,458.1,460.35,446.55,454.45,450.65,448.85,453.21,620.05,390.55,1611619,730406987.15,27677,RELINFRA
2017-12-14,EQ,452.5,455.7,440.0,450.35,453.8,454.45,447.83,620.05,390.55,1372706,614738074.55,16357,RELINFRA
2017-12-13,EQ,450.25,457.6,447.2,450.2,450.1,450.35,452.78,620.05,390.55,1178941,533800851.3,17443,RELINFRA
2017-12-12,EQ,457.0,460.2,447.0,459.15,450.25,450.2,453.86,620.05,390.55,901588,409191489.25,20505,RELINFRA
2017-12-11,EQ,452.9,462.0,450.5,449.8,458.7,459.15,456.1,620.05,390.55,1353025,617114632.15,26183,RELINFRA
2017-12-08,EQ,458.0,458.0,445.65,455.95,450.2,449.8,451.41,620.05,390.55,1405888,634637391.2,24619,RELINFRA
2017-12-07,EQ,442.45,458.15,441.05,440.35,455.0,455.95,451.73,620.05,390.55,2000685,903777692.95,35596,RELINFRA
2017-12-06,EQ,440.5,452.7,438.3,443.6,439.85,440.35,444.21,620.05,390.55,1839911,817315244.9,31980,RELINFRA
2017-12-05,EQ,437.5,446.55,430.5,439.3,442.45,443.6,438.02,620.05,390.55,2018758,884253647.6,39114,RELINFRA
2017-12-04,EQ,439.0,443.65,433.0,436.6,442.5,439.3,438.6,620.05,390.55,1343938,589452543.55,20316,RELINFRA
2017-12-01,EQ,439.95,447.8,434.4,439.95,435.7,436.6,440.41,620.05,390.55,1915401,843563994.45,23405,RELINFRA
2017-11-30,EQ,451.0,458.2,436.3,453.5,438.2,439.95,449.54,620.05,390.55,2665054,1198036144.85,33957,RELINFRA
2017-11-29,EQ,459.3,460.8,450.9,458.3,452.7,453.5,455.8,620.05,390.55,1024832,467114333.4,15123,RELINFRA
2017-11-28,EQ,460.0,463.95,452.4,464.95,457.25,458.3,457.87,620.05,390.55,1653195,756944137.45,23965,RELINFRA
2017-11-27,EQ,448.0,467.95,447.8,451.45,462.3,464.95,458.3,620.05,390.55,1658559,760122091.55,22233,RELINFRA
2017-11-24,EQ,448.9,454.4,446.55,449.0,450.8,451.45,450.51,620.05,390.55,1079498,486324035.25,14859,RELINFRA
2017-11-23,EQ,450.0,451.65,441.5,449.4,449.0,449.0,446.95,620.05,390.55,1272533,568754710.2,18677,RELINFRA
2017-11-22,EQ,452.95,454.5,440.0,450.65,448.6,449.4,447.14,620.05,390.55,1470376,657458712.45,22849,RELINFRA
2017-11-21,EQ,446.0,456.7,445.35,443.35,450.85,450.65,451.38,620.05,390.55,2173743,981176372.9,34558,RELINFRA
2017-11-20,EQ,436.0,444.9,428.55,438.65,443.6,443.35,438.49,620.05,390.55,2606614,1142978964.05,38256,RELINFRA
2017-11-17,EQ,452.1,452.95,434.6,446.0,437.0,438.65,443.17,620.05,390.55,3021593,1339088988.1,39338,RELINFRA
2017-11-16,EQ,420.0,450.55,411.2,417.95,446.0,446.0,430.39,620.05,390.55,8332604,3586286997.45,100369,RELINFRA
2017-11-15,EQ,459.0,464.35,390.55,459.45,418.9,417.95,429.21,620.05,390.55,4536691,1947196350.15,59334,RELINFRA
2017-11-14,EQ,460.0,468.0,456.5,459.3,459.2,459.45,462.46,620.05,434.05,1270764,587671384.75,22326,RELINFRA
2017-11-13,EQ,465.0,468.6,455.1,465.2,458.3,459.3,460.17,620.05,434.05,1116007,513551097.65,17068,RELINFRA
2017-11-10,EQ,467.85,468.9,458.25,469.8,465.0,465.2,464.75,620.05,426.65,1116169,518738708.8,15681,RELINFRA
2017-11-09,EQ,459.9,471.65,454.4,452.35,469.0,469.8,463.16,620.05,426.65,2670797,1237007923.15,28856,RELINFRA
2017-11-08,EQ,465.5,467.35,446.2,462.45,454.6,452.35,457.4,620.05,426.65,1662277,760322270.15,28391,RELINFRA
2017-11-07,EQ,482.95,483.75,455.1,479.95,464.0,462.45,465.78,620.05,426.65,1739875,810406349.5,33749,RELINFRA
2017-11-06,EQ,489.5,491.4,475.5,490.3,479.5,479.95,480.53,620.05,426.65,1568533,753724171.85,27942,RELINFRA
2017-11-03,EQ,500.25,504.65,488.5,500.25,490.9,490.3,495.24,620.05,426.65,1453624,719895174.9,22822,RELINFRA
2017-11-02,EQ,497.0,507.65,492.1,498.7,499.4,500.25,500.02,620.05,426.65,2282742,1141414157.95,30745,RELINFRA
2017-11-01,EQ,504.2,512.55,494.1,502.75,495.7,498.7,504.54,620.05,426.65,1587983,801193329.5,22470,RELINFRA
2017-10-31,EQ,503.0,510.0,501.0,502.85,502.0,502.75,505.29,620.05,426.65,1181779,597138032.6,17042,RELINFRA
2017-10-30,EQ,509.0,510.5,501.0,505.85,502.0,502.85,504.83,620.05,426.65,1782778,900002744.0,24497,RELINFRA
2017-10-27,EQ,493.45,508.5,491.55,490.8,505.5,505.85,499.46,620.05,426.65,2581085,1289137265.45,28698,RELINFRA
2017-10-26,EQ,486.0,497.7,481.2,486.8,492.8,490.8,490.38,620.05,426.65,1920829,941937356.5,29050,RELINFRA
2017-10-25,EQ,485.0,490.5,477.65,478.1,486.55,486.8,484.16,620.05,426.65,1892205,916131588.1,23128,RELINFRA
2017-10-24,EQ,470.2,482.8,470.2,469.3,479.0,478.1,478.2,620.05,426.65,1979529,946613966.9,33892,RELINFRA
2017-10-23,EQ,455.0,473.7,452.25,453.8,470.0,469.3,464.08,620.05,426.65,2441051,1132837561.85,34795,RELINFRA
2017-10-19,EQ,461.0,462.65,450.05,463.1,450.75,453.8,456.42,620.05,426.65,422664,192912356.9,6674,RELINFRA
2017-10-18,EQ,462.2,468.0,460.1,461.4,464.0,463.1,463.5,620.05,426.65,1959211,908097505.55,19619,RELINFRA
2017-10-17,EQ,461.75,467.4,459.15,459.8,462.0,461.4,462.93,620.05,426.65,1684333,779730024.4,21008,RELINFRA
2017-10-16,EQ,465.0,468.3,458.0,463.3,460.0,459.8,462.22,620.05,426.65,1544893,714076409.4,21056,RELINFRA
2017-10-13,EQ,465.75,471.8,461.45,465.4,462.35,463.3,466.37,620.05,426.65,1666164,777049350.3,21204,RELINFRA
2017-10-12,EQ,468.8,471.35,459.1,466.1,465.5,465.4,465.33,620.05,426.65,1583460,736827934.55,19884,RELINFRA
2017-10-11,EQ,480.2,481.95,461.15,477.75,465.0,466.1,472.58,620.05,426.65,1567964,740988646.8,25464,RELINFRA
2017-10-10,EQ,479.95,494.0,474.35,477.25,476.9,477.75,481.47,620.05,426.65,2964499,1427321575.3,43833,RELINFRA
2017-10-09,EQ,471.3,479.65,468.0,471.6,476.45,477.25,473.94,620.05,426.65,1851116,877322090.4,22636,RELINFRA
2017-10-06,EQ,473.4,478.0,467.1,471.1,471.3,471.6,473.12,620.05,426.65,1251095,591913791.4,19086,RELINFRA
2017-10-05,EQ,465.5,473.9,463.1,463.05,472.8,471.1,469.52,620.05,426.65,1669752,783989002.25,26738,RELINFRA
2017-10-04,EQ,459.7,467.5,456.6,457.4,465.7,463.05,462.94,620.05,426.65,1375806,636921125.7,22406,RELINFRA
2017-10-03,EQ,475.9,477.7,455.25,465.05,458.55,457.4,465.7,620.05,426.65,1894090,882087122.7,29962,RELINFRA
2017-09-29,EQ,466.1,473.6,463.25,462.6,465.4,465.05,466.99,620.05,426.65,1234999,576734061.65,18516,RELINFRA
2017-09-28,EQ,464.4,471.9,460.65,463.4,462.4,462.6,465.31,620.05,426.65,2197103,1022341271.2,26590,RELINFRA
2017-09-27,EQ,479.0,479.9,460.05,474.0,463.0,463.4,471.6,620.05,426.65,2257699,1064724976.2,28197,RELINFRA
2017-09-26,EQ,463.85,482.0,462.0,463.85,474.0,474.0,472.76,620.05,426.65,1977117,934705705.1,39738,RELINFRA
2017-09-25,EQ,470.1,471.0,455.05,471.25,464.05,463.85,462.92,620.05,426.65,1533547,709914473.5,22462,RELINFRA
2017-09-22,EQ,484.8,485.0,466.65,488.55,471.3,471.25,475.23,621.6,426.65,1885916,896247832.65,31524,RELINFRA
2017-09-21,EQ,493.7,496.95,481.5,494.15,488.8,488.55,488.59,621.6,426.65,1478730,722488408.15,28735,RELINFRA
2017-09-20,EQ,500.2,505.2,493.05,495.7,493.7,494.15,497.9,621.6,426.65,1683083,838000425.15,24578,RELINFRA
2017-09-19,EQ,503.2,504.15,493.65,501.6,495.8,495.7,497.67,621.6,426.65,1713229,852614546.3,24036,RELINFRA
2017-09-18,EQ,506.8,509.4,500.6,499.6,501.2,501.6,504.32,621.6,426.65,1702967,858833608.6,22240,RELINFRA
2017-09-15,EQ,507.0,509.5,496.0,507.55,498.0,499.6,502.86,621.6,426.65,1745824,877909049.5,29437,RELINFRA
2017-09-14,EQ,508.0,515.0,504.5,515.65,508.0,507.55,509.42,621.6,426.65,2121227,1080592716.1,33405,RELINFRA
2017-09-13,EQ,515.0,529.8,511.5,515.3,516.0,515.65,520.77,621.6,426.65,2900118,1510304819.5,41922,RELINFRA
2017-09-12,EQ,511.0,518.85,506.85,508.6,515.25,515.3,513.06,621.6,426.65,1455096,746556879.6,25391,RELINFRA
2017-09-11,EQ,506.75,514.8,506.75,502.2,508.6,508.6,511.24,621.6,426.65,1299373,664293969.15,21647,RELINFRA
2017-09-08,EQ,518.0,519.5,498.0,515.5,503.25,502.2,506.25,635.7,426.65,1874520,948973001.7,25095,RELINFRA
2017-09-07,EQ,516.0,522.4,514.1,515.25,514.75,515.5,518.11,635.7,426.65,1418710,735047928.2,19357,RELINFRA
2017-09-06,EQ,510.55,520.55,506.55,514.3,512.8,515.25,514.16,635.7,426.65,1800796,925891033.45,26561,RELINFRA
2017-09-05,EQ,510.55,521.6,508.75,507.9,515.0,514.3,514.59,635.7,426.65,2128316,1095213053.15,31956,RELINFRA
2017-09-04,EQ,522.15,526.0,498.6,522.1,510.15,507.9,511.15,635.7,426.65,2536082,1296309056.4,33515,RELINFRA
2017-09-01,EQ,511.8,531.8,511.8,509.25,521.7,522.1,522.16,635.7,426.65,3698220,1931060527.6,51473,RELINFRA
2017-08-31,EQ,508.5,513.45,501.15,507.0,510.75,509.25,507.73,635.7,426.65,2549868,1294649123.85,30410,RELINFRA
2017-08-30,EQ,503.9,513.95,503.5,498.2,506.5,507.0,508.47,635.7,426.65,3291052,1673406457.55,47750,RELINFRA
2017-08-29,EQ,485.95,520.8,485.6,483.8,498.2,498.2,509.28,635.7,426.65,11154685,5680826975.9,138260,RELINFRA
2017-08-28,EQ,482.0,492.0,481.5,479.9,483.8,483.8,486.85,635.7,426.65,1710061,832540867.4,28235,RELINFRA
2017-08-24,EQ,475.5,485.95,472.2,474.8,480.7,479.9,480.59,635.7,426.65,1598138,768053659.0,31953,RELINFRA
2017-08-23,EQ,471.7,476.6,468.9,465.65,474.1,474.8,473.3,635.7,426.65,1655184,783391081.8,33314,RELINFRA
2017-08-22,EQ,477.75,478.5,458.05,468.7,466.3,465.65,469.03,635.7,426.65,2491036,1168379974.4,50674,RELINFRA
2017-08-21,EQ,490.0,494.35,465.4,487.8,468.35,468.7,481.1,635.7,426.65,1862840,896218383.6,35793,RELINFRA
2017-08-18,EQ,485.45,496.4,481.5,491.4,486.9,487.8,488.87,635.7,426.65,1573202,769096267.7,35871,RELINFRA
2017-08-17,EQ,496.6,504.8,489.0,494.35,493.1,491.4,497.12,635.7,426.65,1485534,738486203.55,31529,RELINFRA
2017-08-16,EQ,490.4,502.6,482.2,489.55,495.5,494.35,492.4,635.7,426.65,2104952,1036478853.3,36448,RELINFRA
2017-08-14,EQ,476.5,494.4,472.45,469.2,487.6,489.55,485.14,635.7,426.65,1772296,859806090.85,35929,RELINFRA
2017-08-11,EQ,465.65,476.45,450.6,474.45,467.0,469.2,466.59,635.7,426.65,2364344,1103169782.05,40648,RELINFRA
2017-08-10,EQ,508.0,513.9,452.25,514.4,480.0,474.45,486.4,635.7,426.65,3722914,1810807920.65,54377,RELINFRA
2017-08-09,EQ,528.3,540.0,507.05,528.3,507.15,514.4,528.92,635.7,426.65,2291404,1211959614.25,36667,RELINFRA
2017-08-08,EQ,542.0,545.9,520.6,542.2,527.55,528.3,535.4,635.7,426.65,2040973,1092738366.0,30663,RELINFRA
2017-08-07,EQ,532.0,548.0,528.35,530.45,544.0,542.2,537.92,635.7,426.65,1504888,809512262.75,22888,RELINFRA
2017-08-04,EQ,522.0,532.65,520.7,526.25,529.6,530.45,528.59,635.7,426.65,1308293,691547087.0,23631,RELINFRA
2017-08-03,EQ,532.05,544.0,523.85,532.35,524.35,526.25,533.7,635.7,426.65,2532498,1351583243.2,38923,RELINFRA
2017-08-02,EQ,528.95,538.9,527.0,526.6,530.45,532.35,533.66,635.7,426.65,1818422,970424391.55,35427,RELINFRA
2017-08-01,EQ,531.5,532.5,523.1,528.65,526.65,526.6,526.81,635.7,426.65,1296488,683005365.55,24854,RELINFRA
2017-07-31,EQ,527.0,534.4,524.9,526.0,528.1,528.65,529.63,635.7,426.65,1725572,913911376.25,22506,RELINFRA
2017-07-28,EQ,505.7,531.9,502.6,508.55,524.85,526.0,523.83,635.7,426.65,3611758,1891938324.8,49230,RELINFRA
2017-07-27,EQ,510.0,520.0,505.8,509.5,506.1,508.55,513.3,635.7,426.65,2356795,1209750362.95,32638,RELINFRA
2017-07-26,EQ,508.45,512.5,505.25,507.45,509.0,509.5,509.27,635.7,426.65,825157,420227412.55,14002,RELINFRA
2017-07-25,EQ,508.5,511.0,504.45,506.75,506.8,507.45,507.18,635.7,426.65,905626,459316261.75,14610,RELINFRA
2017-07-24,EQ,511.0,515.4,505.0,511.3,506.2,506.75,510.72,635.7,426.65,746981,381495576.15,13826,RELINFRA
2017-07-21,EQ,521.95,522.2,499.05,519.6,510.5,511.3,512.3,635.7,426.65,1124601,576129451.35,20407,RELINFRA
2017-07-20,EQ,518.0,525.5,513.8,516.25,520.2,519.6,521.36,635.7,426.65,1160142,604854475.5,18903,RELINFRA
2017-07-19,EQ,515.25,517.95,510.1,514.35,517.0,516.25,514.83,635.7,426.65,860811,443170532.55,22163,RELINFRA
2017-07-18,EQ,514.0,520.9,510.8,516.35,514.0,514.35,516.45,635.7,426.65,968765,500316450.4,24516,RELINFRA
2017-07-17,EQ,520.0,521.4,513.4,519.4,515.5,516.35,516.61,635.7,426.65,874243,451642054.9,21329,RELINFRA
2017-07-14,EQ,516.0,521.65,513.05,515.4,518.8,519.4,518.55,635.7,426.65,1360641,705557123.05,30206,RELINFRA
2017-07-13,EQ,516.0,517.2,510.6,513.4,514.55,515.4,514.13,635.7,426.65,1137068,584605901.65,26037,RELINFRA
2017-07-12,EQ,509.6,515.5,508.1,509.45,513.45,513.4,511.89,635.7,426.65,1237420,633419520.9,26077,RELINFRA
2017-07-11,EQ,517.0,521.8,507.5,516.4,509.6,509.45,515.0,635.7,426.65,1089192,560929317.7,22589,RELINFRA
2017-07-10,EQ,535.0,535.0,473.0,514.85,516.15,516.4,519.03,635.7,426.65,325058,168715428.35,4420,RELINFRA
2017-07-07,EQ,508.5,519.45,506.25,508.5,515.45,514.85,513.56,635.7,426.65,1793408,921019905.6,39215,RELINFRA
2017-07-06,EQ,508.95,516.5,505.75,507.4,508.3,508.5,511.02,635.7,426.65,1425362,728384146.45,25141,RELINFRA
2017-07-05,EQ,502.75,509.0,499.0,500.15,508.8,507.4,505.36,635.7,426.65,1067780,539609320.45,18276,RELINFRA
2017-07-04,EQ,510.1,510.5,496.6,508.4,500.0,500.15,502.33,635.7,426.65,1078951,541994239.4,19497,RELINFRA
2017-07-03,EQ,499.5,511.8,496.35,497.45,507.75,508.4,506.38,635.7,426.65,1477819,748337989.45,22056,RELINFRA
2017-06-30,EQ,501.2,501.95,491.7,503.5,498.5,497.45,496.06,635.7,426.65,1182964,586825277.9,20230,RELINFRA
2017-06-29,EQ,505.0,507.95,499.1,503.8,503.05,503.5,503.85,635.7,426.65,1239125,624332928.9,19923,RELINFRA
2017-06-28,EQ,503.1,508.0,498.1,503.55,503.2,503.8,503.73,635.7,426.65,1314849,662330332.05,28145,RELINFRA
2017-06-27,EQ,505.1,508.9,491.1,503.85,503.3,503.55,502.17,635.7,426.65,2320156,1165101443.15,41476,RELINFRA
2017-06-23,EQ,494.0,509.45,486.25,493.6,503.5,503.85,500.41,635.7,426.65,3163984,1583279341.6,46374,RELINFRA
2017-06-22,EQ,492.9,506.0,490.5,490.2,494.0,493.6,498.75,635.7,426.65,2813820,1403399342.75,46298,RELINFRA
2017-06-21,EQ,477.7,493.8,477.5,479.95,490.25,490.2,488.29,635.7,426.65,2101331,1026060363.8,31922,RELINFRA
2017-06-20,EQ,487.0,489.5,478.0,484.65,480.4,479.95,482.88,635.7,426.65,1194474,576784920.2,18323,RELINFRA
2017-06-19,EQ,481.1,486.5,480.5,479.55,486.0,484.65,484.16,635.7,426.65,1275237,617424186.9,19766,RELINFRA
2017-06-16,EQ,477.0,485.6,475.0,475.85,478.0,479.55,480.61,635.7,426.65,1904792,915467315.35,29501,RELINFRA
2017-06-15,EQ,472.9,479.4,470.75,473.95,474.0,475.85,475.65,635.7,426.65,1527861,726721640.7,22896,RELINFRA
2017-06-14,EQ,469.8,476.55,462.75,470.2,474.6,473.95,469.76,635.7,426.65,2245218,1054717443.1,33547,RELINFRA
2017-06-13,EQ,470.1,479.5,465.5,471.85,467.0,470.2,473.54,635.7,426.65,1878876,889718325.05,31616,RELINFRA
2017-06-12,EQ,467.9,477.9,467.0,473.95,471.0,471.85,472.94,635.7,426.65,1476969,698516764.2,26489,RELINFRA
2017-06-09,EQ,478.9,478.9,466.6,480.95,473.6,473.95,471.82,635.7,426.65,2465174,1163116402.0,38166,RELINFRA
2017-06-08,EQ,489.9,491.9,478.2,488.6,478.65,480.95,484.24,635.7,426.65,1959745,948989990.35,52147,RELINFRA
2017-06-07,EQ,479.25,491.5,476.05,480.15,488.0,488.6,484.27,635.7,426.65,2814064,1362780525.8,43628,RELINFRA
2017-06-06,EQ,496.45,496.85,470.9,492.3,480.7,480.15,480.85,635.7,426.65,2543392,1222999514.25,42291,RELINFRA
2017-06-05,EQ,491.3,498.5,489.25,484.05,491.5,492.3,493.68,635.7,426.65,2178491,1075478230.2,42944,RELINFRA
2017-06-02,EQ,482.1,490.7,478.65,479.6,485.15,484.05,484.88,635.7,426.65,2517358,1220604072.2,41140,RELINFRA
2017-06-01,EQ,481.0,487.9,475.2,478.9,477.85,479.6,481.61,635.7,426.65,2584206,1244574504.15,38796,RELINFRA
2017-05-31,EQ,464.0,484.0,455.25,462.0,480.8,478.9,470.56,635.7,426.65,5799887,2729195043.05,80462,RELINFRA
2017-05-30,EQ,453.95,470.8,436.2,451.95,463.1,462.0,459.37,635.7,426.65,4198597,1928711216.9,65104,RELINFRA
2017-05-29,EQ,506.0,506.0,445.6,508.5,454.3,451.95,466.94,635.7,426.65,5113595,2387719100.5,88914,RELINFRA
2017-05-26,EQ,496.15,513.95,496.05,497.15,508.2,508.5,508.09,635.7,426.65,2344838,1191395623.0,33768,RELINFRA
2017-05-25,EQ,495.75,502.85,488.55,493.7,495.85,497.15,496.53,635.7,426.65,2976503,1477937174.0,40255,RELINFRA
2017-05-24,EQ,526.0,529.7,479.2,526.25,492.0,493.7,503.49,635.7,426.65,4611031,2321605543.9,74734,RELINFRA
2017-05-23,EQ,550.1,553.5,522.4,555.25,522.4,526.25,532.82,635.7,426.65,3179920,1694311107.45,56756,RELINFRA
2017-05-22,EQ,572.0,575.0,552.75,569.55,556.0,555.25,562.68,635.7,426.65,1392634,783601775.6,29319,RELINFRA
2017-05-19,EQ,578.7,586.35,567.4,578.65,571.0,569.55,575.27,635.7,426.65,1795870,1033103490.7,35619,RELINFRA
2017-05-18,EQ,597.7,601.85,576.15,605.25,576.45,578.65,588.48,635.7,426.65,1963168,1155279223.05,37708,RELINFRA
2017-05-17,EQ,607.0,614.2,603.5,611.05,605.05,605.25,608.28,635.7,426.65,1504208,914978534.15,35758,RELINFRA
2017-05-16,EQ,606.0,614.2,601.0,605.4,609.8,611.05,609.49,635.7,426.65,1934562,1179087310.55,30765,RELINFRA
2017-05-15,EQ,606.8,609.35,600.3,609.5,604.95,605.4,605.23,635.7,426.65,1437325,869916495.75,25522,RELINFRA
2017-05-12,EQ,615.25,620.05,604.0,592.55,604.0,609.5,612.51,635.7,426.65,6164474,3775831090.5,87290,RELINFRA
2017-05-11,EQ,596.0,602.9,586.2,594.6,593.1,592.55,594.64,635.7,426.65,1464838,871045656.55,27323,RELINFRA
2017-05-10,EQ,596.25,599.1,591.5,594.75,593.6,594.6,595.64,635.7,426.65,1346271,801896703.6,22568,RELINFRA
2017-05-09,EQ,583.65,596.5,582.3,583.65,595.0,594.75,590.29,635.7,426.65,1519909,897191061.2,28153,RELINFRA
2017-05-08,EQ,583.9,586.4,576.05,579.0,583.0,583.65,582.2,635.7,426.65,1171078,681805622.9,21116,RELINFRA
2017-05-05,EQ,596.5,596.5,575.0,597.7,578.95,579.0,584.68,635.7,426.65,1679303,981849379.0,27497,RELINFRA
2017-05-04,EQ,603.9,607.2,593.65,603.4,597.5,597.7,599.49,635.7,426.65,1344907,806263090.65,21685,RELINFRA
2017-05-03,EQ,608.35,613.8,601.15,605.1,602.35,603.4,607.23,635.7,426.65,2260642,1372723201.7,30950,RELINFRA
2017-05-02,EQ,598.95,608.8,592.05,596.25,604.2,605.1,601.79,635.7,426.65,3563149,2144277888.15,54208,RELINFRA
2017-04-28,EQ,584.05,603.45,581.0,582.5,594.9,596.25,595.77,635.7,426.65,4119938,2454546850.5,54298,RELINFRA
2017-04-27,EQ,579.0,589.5,573.4,578.5,583.05,582.5,581.97,635.7,426.65,2038761,1186501270.9,31645,RELINFRA
2017-04-26,EQ,585.0,590.0,569.1,582.4,577.8,578.5,581.16,635.7,426.65,2077643,1207440207.5,32708,RELINFRA
2017-04-25,EQ,588.2,596.4,568.0,585.1,580.25,582.4,586.36,635.7,426.65,3398194,1992551313.05,55312,RELINFRA
2017-04-24,EQ,577.45,588.75,576.55,575.35,582.7,585.1,583.01,635.7,426.65,1630144,950391340.5,26815,RELINFRA
2017-04-21,EQ,576.95,584.8,571.25,575.05,575.2,575.35,577.79,635.7,426.65,2103428,1215339480.5,35407,RELINFRA
2017-04-20,EQ,565.85,577.35,564.05,562.4,574.9,575.05,571.72,635.7,426.65,1824883,1043320833.15,34518,RELINFRA
2017-04-19,EQ,556.95,566.35,556.1,558.05,563.0,562.4,561.66,635.7,426.65,1982409,1113434021.85,33513,RELINFRA
2017-04-18,EQ,569.7,598.0,556.05,567.5,556.7,558.05,580.1,635.7,426.65,6425871,3727643920.05,83987,RELINFRA
2017-04-17,EQ,558.8,569.65,557.1,557.05,566.8,567.5,563.65,635.7,426.65,2260890,1274357655.55,38642,RELINFRA
2017-04-13,EQ,559.2,564.0,553.3,559.2,557.1,557.05,559.47,635.7,426.65,1352409,756633449.8,21436,RELINFRA
2017-04-12,EQ,572.75,575.0,552.05,571.2,559.0,559.2,562.33,635.7,426.65,1814764,1020488153.05,28383,RELINFRA
2017-04-11,EQ,563.0,573.7,562.6,564.35,569.55,571.2,568.08,635.7,426.65,1559877,886138334.9,23930,RELINFRA
2017-04-10,EQ,566.1,569.7,560.6,563.75,564.7,564.35,565.22,635.7,426.65,1565673,884948092.35,25752,RELINFRA
2017-04-07,EQ,582.9,589.65,560.0,585.75,563.2,563.75,578.41,635.7,426.65,2682401,1551521618.75,36797,RELINFRA
2017-04-06,EQ,574.0,588.4,568.05,576.2,585.55,585.75,578.64,635.7,426.65,2151918,1245187704.55,34326,RELINFRA
2017-04-05,EQ,577.85,582.35,575.2,574.95,576.8,576.2,578.58,635.7,426.65,2051280,1186821426.5,29857,RELINFRA
2017-04-03,EQ,570.1,579.95,570.1,568.65,574.6,574.95,575.81,635.7,426.65,2084518,1200289671.2,30909,RELINFRA
2017-03-31,EQ,564.0,576.0,563.8,563.85,567.05,568.65,571.19,635.7,426.65,1953907,1116044437.6,26631,RELINFRA
2017-03-30,EQ,569.7,571.8,562.0,567.05,564.55,563.85,565.58,635.7,426.65,2373486,1342396428.15,24254,RELINFRA
2017-03-29,EQ,569.1,573.2,564.05,566.7,566.0,567.05,568.65,635.7,426.65,1440094,818915199.35,25305,RELINFRA
2017-03-28,EQ,565.55,573.5,561.1,562.7,566.0,566.7,568.62,635.7,426.65,1625537,924305489.3,26513,RELINFRA
2017-03-27,EQ,570.0,570.0,556.1,571.05,563.55,562.7,560.95,635.7,426.65,1839248,1031723245.75,41949,RELINFRA
2017-03-24,EQ,572.7,581.4,568.5,571.9,571.55,571.05,575.33,635.7,426.65,2102387,1209568350.75,36609,RELINFRA
2017-03-23,EQ,563.95,577.35,563.25,561.0,571.0,571.9,571.85,635.7,426.65,2032134,1162072061.65,37771,RELINFRA
2017-03-22,EQ,569.8,573.0,558.65,575.9,561.95,561.0,565.27,635.7,426.65,1669518,943733547.8,34158,RELINFRA
2017-03-21,EQ,580.0,580.5,570.25,578.7,576.0,575.9,574.69,635.7,426.65,1539479,884730320.35,27919,RELINFRA
2017-03-20,EQ,582.3,585.55,576.15,581.4,578.2,578.7,580.44,635.7,426.65,1808827,1049912791.55,34251,RELINFRA
2017-03-17,EQ,597.2,598.15,579.35,594.65,580.75,581.4,586.85,635.7,426.65,3233612,1897635051.0,53096,RELINFRA
2017-03-16,EQ,581.0,598.4,578.7,576.05,591.8,594.65,589.52,635.7,426.65,3714811,2189949374.95,57396,RELINFRA
2017-03-15,EQ,574.95,584.45,572.85,573.8,576.95,576.05,578.29,635.7,426.65,1577990,912543430.2,27675,RELINFRA
2017-03-14,EQ,577.1,583.95,571.2,565.2,573.25,573.8,578.1,635.7,426.65,2234995,1292050502.0,38802,RELINFRA
2017-03-10,EQ,573.85,577.35,560.4,570.9,564.05,565.2,568.51,635.7,426.65,1273092,723764323.65,22337,RELINFRA
2017-03-09,EQ,566.8,578.55,565.0,569.35,572.0,570.9,573.36,635.7,426.65,1902537,1090845039.1,32619,RELINFRA
2017-03-08,EQ,579.05,580.85,562.45,577.95,568.7,569.35,570.84,635.7,426.65,1438953,821411042.6,24354,RELINFRA
2017-03-07,EQ,585.9,589.35,575.15,583.8,577.9,577.95,581.34,635.7,426.65,2205659,1282238097.75,42504,RELINFRA
2017-03-06,EQ,569.0,589.4,563.7,567.5,582.7,583.8,578.93,635.7,426.65,3425761,1983285081.35,63442,RELINFRA
2017-03-03,EQ,547.0,570.0,546.95,552.35,568.0,567.5,560.99,635.7,396.8,1877682,1053364929.55,28984,RELINFRA
2017-03-02,EQ,573.0,575.9,550.2,570.0,554.0,552.35,564.7,635.7,396.8,1369480,773344461.85,23366,RELINFRA
2017-03-01,EQ,570.0,575.7,566.15,567.65,570.5,570.0,571.16,635.7,396.8,1329709,759481127.55,20668,RELINFRA
2017-02-28,EQ,568.05,572.85,561.6,565.85,567.6,567.65,567.83,635.7,396.8,1780406,1010974912.75,33275,RELINFRA
2017-02-27,EQ,562.0,578.0,561.5,556.45,566.0,565.85,569.5,635.7,396.8,2577991,1468174965.45,41062,RELINFRA
2017-02-23,EQ,567.5,567.7,554.2,565.4,558.85,556.45,558.71,635.7,396.8,1392868,778211631.5,21658,RELINFRA
2017-02-22,EQ,562.5,581.95,561.6,561.2,564.0,565.4,572.75,635.7,396.8,3425222,1961793118.05,61521,RELINFRA
2017-02-21,EQ,562.8,566.45,556.05,561.45,559.55,561.2,561.25,635.7,396.8,1321912,741922466.0,17605,RELINFRA
2017-02-20,EQ,555.25,566.8,555.25,559.7,562.0,561.45,561.73,635.7,396.8,1582828,889122772.65,23868,RELINFRA
2017-02-17,EQ,550.5,565.4,545.8,550.95,558.5,559.7,557.2,635.7,394.0,2787860,1553383862.85,49836,RELINFRA
2017-02-16,EQ,541.0,552.7,540.0,541.55,550.5,550.95,548.3,635.7,394.0,1583827,868415031.5,24713,RELINFRA
2017-02-15,EQ,558.9,563.15,539.35,562.65,542.0,541.55,548.75,635.7,394.0,2078767,1140717453.25,34973,RELINFRA
2017-02-14,EQ,523.1,568.0,523.1,535.55,560.0,562.65,550.01,635.7,394.0,4806300,2643502889.4,71248,RELINFRA
2017-02-13,EQ,545.2,545.75,525.05,543.8,534.55,535.55,535.33,635.7,394.0,1270333,680046374.25,26060,RELINFRA
2017-02-10,EQ,545.0,546.4,538.5,543.3,542.95,543.8,542.76,635.7,387.5,879467,477341658.9,17906,RELINFRA
2017-02-09,EQ,539.85,547.25,536.05,537.15,543.0,543.3,542.23,635.7,387.5,1852024,1004225914.7,26787,RELINFRA
2017-02-08,EQ,528.5,538.95,523.55,525.85,538.7,537.15,531.54,635.7,387.5,1448535,769960891.35,31798,RELINFRA
2017-02-07,EQ,539.0,545.5,521.5,539.85,525.6,525.85,534.4,635.7,387.5,2496731,1334264849.4,57054,RELINFRA
2017-02-06,EQ,541.0,549.15,534.5,538.0,539.25,539.85,541.94,635.7,387.5,1609158,872073638.75,25550,RELINFRA
2017-02-03,EQ,530.0,545.8,528.4,528.85,537.0,538.0,539.57,635.7,387.5,1923096,1037638673.75,28396,RELINFRA
2017-02-02,EQ,532.55,534.5,524.6,529.9,529.0,528.85,529.49,635.7,387.5,1269128,671989213.3,21488,RELINFRA
2017-02-01,EQ,515.9,531.9,512.3,514.7,528.8,529.9,523.03,635.7,387.5,1728843,904233782.35,27937,RELINFRA
2017-01-31,EQ,520.55,523.5,512.05,521.85,514.05,514.7,516.99,635.7,387.5,887998,459088471.1,14725,RELINFRA
2017-01-30,EQ,524.9,526.95,517.5,527.95,521.9,521.85,522.34,635.7,387.5,931041,486316451.0,13567,RELINFRA
2017-01-27,EQ,521.55,533.7,521.55,520.7,527.75,527.95,529.36,635.7,387.5,1558465,824981705.3,21165,RELINFRA
2017-01-25,EQ,517.8,522.7,512.8,515.2,522.6,520.7,518.68,635.7,387.5,1379174,715344125.55,19857,RELINFRA
2017-01-24,EQ,515.25,517.9,508.8,515.25,515.0,515.2,513.59,635.7,387.5,898035,461220082.7,15519,RELINFRA
2017-01-23,EQ,504.0,516.7,503.1,505.4,515.05,515.25,512.22,635.7,387.5,1165156,596812784.5,18652,RELINFRA
2017-01-20,EQ,517.95,519.2,502.55,520.25,505.9,505.4,510.87,635.7,387.5,1329321,679113700.35,20758,RELINFRA
2017-01-19,EQ,511.5,524.4,508.0,510.4,519.5,520.25,516.59,635.7,387.5,2364884,1221676534.9,37275,RELINFRA
2017-01-18,EQ,515.0,518.8,508.1,512.55,510.55,510.4,513.42,635.7,387.5,1713543,879760925.75,24020,RELINFRA
2017-01-17,EQ,511.0,517.35,507.2,510.3,512.1,512.55,512.17,635.7,387.5,1334107,683294190.75,20040,RELINFRA
2017-01-16,EQ,504.7,512.7,501.6,505.65,512.0,510.3,507.55,635.7,387.5,1051823,533850566.1,16149,RELINFRA
2017-01-13,EQ,512.6,516.5,502.5,509.9,505.85,505.65,508.23,635.7,387.5,1607191,816815691.0,31284,RELINFRA
2017-01-12,EQ,508.4,514.6,501.0,506.05,509.25,509.9,508.77,635.7,387.5,1556624,791967317.5,27100,RELINFRA
2017-01-11,EQ,503.85,509.7,501.2,501.3,505.1,506.05,505.94,635.7,387.5,1587994,803432969.3,23392,RELINFRA
2017-01-10,EQ,494.5,504.9,494.25,492.7,501.4,501.3,500.71,635.7,387.5,1529032,765601078.05,27884,RELINFRA
2017-01-09,EQ,494.0,495.2,486.45,492.7,493.4,492.7,490.8,635.7,387.5,1057530,519032491.75,15686,RELINFRA
2017-01-06,EQ,491.0,499.4,488.7,490.7,493.15,492.7,493.85,635.7,387.5,1649903,814802779.4,25178,RELINFRA
2017-01-05,EQ,487.0,495.7,486.4,483.0,490.15,490.7,491.15,635.7,387.5,1471544,722749098.15,25780,RELINFRA
2017-01-04,EQ,478.5,487.0,478.5,478.4,483.5,483.0,483.53,635.7,387.5,1146232,554236184.4,19690,RELINFRA
2017-01-03,EQ,480.9,485.45,473.0,478.7,479.3,478.4,479.67,635.7,387.5,1782361,854951608.1,23132,RELINFRA
2017-01-02,EQ,474.0,482.15,463.1,467.2,479.5,478.7,473.3,635.7,387.5,1804542,854095164.7,26199,RELINFRA
2016-12-30,EQ,462.0,471.45,460.9,459.3,466.4,467.2,467.87,635.7,387.5,1457090,681727018.1,21298,RELINFRA
2016-12-29,EQ,451.0,460.6,448.35,450.85,460.0,459.3,456.61,635.7,387.5,1437108,656192582.3,18579,RELINFRA
2016-12-28,EQ,457.0,460.9,449.25,456.15,451.15,450.85,455.54,635.7,387.5,1883788,858136691.8,31292,RELINFRA
2016-12-27,EQ,446.0,458.2,438.6,446.5,454.7,456.15,448.49,635.7,387.5,2578420,1156403579.25,38325,RELINFRA
2016-12-26,EQ,477.5,477.5,444.5,477.75,446.35,446.5,458.86,635.7,387.5,2784748,1277813164.2,35371,RELINFRA
2016-12-23,EQ,482.65,487.7,471.85,482.65,477.8,477.75,480.22,635.7,387.5,2165907,1040108281.35,32503,RELINFRA
2016-12-22,EQ,496.95,501.3,478.35,500.15,481.6,482.65,487.27,635.7,387.5,2168779,1056790358.0,32778,RELINFRA
2016-12-21,EQ,501.7,506.5,497.65,498.65,499.7,500.15,502.02,635.7,387.5,1679567,843172208.15,25464,RELINFRA
2016-12-20,EQ,503.35,507.55,492.6,505.0,499.55,498.65,498.78,635.7,387.5,1741739,868738298.95,27234,RELINFRA
2016-12-19,EQ,488.0,512.7,487.8,487.3,503.0,505.0,502.21,635.7,387.5,3034299,1523841757.2,49768,RELINFRA
2016-12-16,EQ,498.0,501.85,485.1,496.65,487.0,487.3,492.28,635.7,387.5,1919109,944740907.65,28686,RELINFRA
2016-12-15,EQ,484.8,502.0,482.25,490.8,497.0,496.65,496.14,635.7,387.5,1993608,989106092.5,33364,RELINFRA
2016-12-14,EQ,484.5,500.8,480.85,481.9,489.0,490.8,491.1,635.7,387.5,2082882,1022911899.15,31684,RELINFRA
2016-12-13,EQ,484.45,485.95,475.6,482.6,482.9,481.9,480.39,635.7,387.5,956883,459676649.15,17387,RELINFRA
2016-12-12,EQ,490.85,490.95,479.15,492.6,482.65,482.6,483.69,635.7,387.5,1132267,547671799.7,18256,RELINFRA
2016-12-09,EQ,483.6,496.7,482.5,482.45,494.4,492.6,488.53,635.7,387.5,1364009,666366065.9,22055,RELINFRA
2016-12-08,EQ,477.05,489.9,477.05,472.8,482.25,482.45,484.52,635.7,387.5,1259780,610388430.85,21489,RELINFRA
2016-12-07,EQ,480.35,483.15,469.55,478.35,474.1,472.8,476.72,635.7,387.5,1208372,576049127.05,19758,RELINFRA
2016-12-06,EQ,475.5,482.0,472.05,473.95,479.1,478.35,478.43,635.7,387.5,1262011,603784225.2,20617,RELINFRA
2016-12-05,EQ,457.2,475.3,457.2,459.45,473.9,473.95,467.08,635.7,387.5,1438353,671822023.15,24235,RELINFRA
2016-12-02,EQ,456.0,466.65,456.0,468.8,460.0,459.45,461.58,635.7,387.5,1337891,617546355.05,20792,RELINFRA
2016-12-01,EQ,482.3,485.0,466.35,480.15,468.0,468.8,476.38,635.7,387.5,1997488,951553908.7,32546,RELINFRA
2016-11-30,EQ,468.8,481.95,468.7,466.45,479.0,480.15,476.82,635.7,387.5,1888619,900535585.4,33923,RELINFRA
2016-11-29,EQ,463.0,470.4,462.65,461.9,466.5,466.45,467.02,635.7,387.5,1254992,586110078.8,21954,RELINFRA
2016-11-28,EQ,455.5,470.4,454.6,458.45,461.8,461.9,463.84,635.7,387.5,1491636,691877601.15,23639,RELINFRA
2016-11-25,EQ,455.8,463.6,451.4,450.6,457.45,458.45,457.62,635.7,387.5,1741990,797166118.55,26304,RELINFRA
2016-11-24,EQ,470.2,470.6,448.1,478.8,450.6,450.6,457.53,635.7,387.5,2811948,1286545639.55,38278,RELINFRA
2016-11-23,EQ,458.0,491.1,450.15,450.0,474.2,478.8,468.27,635.7,387.5,3831798,1794298015.15,52099,RELINFRA
2016-11-22,EQ,455.5,460.0,434.05,449.85,455.0,450.0,447.7,635.7,387.5,2025759,906939159.5,31705,RELINFRA
2016-11-21,EQ,460.0,464.45,445.1,456.55,450.5,449.85,453.03,635.7,387.5,1694894,767841272.85,22974,RELINFRA
2016-11-18,EQ,455.65,461.05,451.55,454.75,458.45,456.55,457.23,635.7,387.5,1197317,547448777.05,21270,RELINFRA
2016-11-17,EQ,453.4,462.0,451.0,451.55,456.05,454.75,455.93,635.7,387.5,1443562,658168222.7,23526,RELINFRA
2016-11-16,EQ,470.0,472.0,449.0,458.2,449.0,451.55,459.34,635.7,387.5,1639748,753201809.9,24956,RELINFRA
2016-11-15,EQ,483.0,487.9,452.35,490.8,457.05,458.2,464.98,635.7,387.5,1973772,917761961.1,26343,RELINFRA
2016-11-11,EQ,494.15,501.85,485.1,507.8,491.55,490.8,491.73,635.7,372.35,1883704,926266943.85,24765,RELINFRA
2016-11-10,EQ,496.05,514.0,492.8,483.3,506.6,507.8,506.79,635.7,372.35,1881169,953364072.2,26354,RELINFRA
2016-11-09,EQ,451.75,489.55,426.65,501.9,482.0,483.3,460.75,635.7,372.35,3774940,1739291649.35,55298,RELINFRA
2016-11-08,EQ,505.0,505.0,493.1,500.4,500.3,501.9,500.29,635.7,372.35,1379663,690228347.0,19445,RELINFRA
2016-11-07,EQ,502.9,508.65,499.0,494.85,499.8,500.4,504.2,635.7,372.35,1345879,678592545.2,19951,RELINFRA
2016-11-04,EQ,514.0,520.75,492.65,516.85,493.0,494.85,503.55,635.7,372.35,2341256,1178946050.85,27434,RELINFRA
2016-11-03,EQ,519.9,527.95,513.1,519.25,514.7,516.85,521.13,635.7,372.35,2481463,1293167457.6,31111,RELINFRA
2016-11-02,EQ,532.9,532.9,516.4,538.35,520.5,519.25,520.64,635.7,372.35,1910291,994574512.3,22720,RELINFRA
2016-11-01,EQ,544.55,547.4,536.7,542.0,538.35,538.35,541.48,635.7,372.35,1218702,659905464.1,24675,RELINFRA
2016-10-30,EQ,544.75,546.1,540.0,543.05,540.1,542.0,543.07,635.7,372.35,173608,94282047.8,2883,RELINFRA
2016-10-28,EQ,543.9,549.4,535.8,542.4,543.75,543.05,543.22,635.7,372.35,1974791,1072754014.7,27864,RELINFRA
2016-10-27,EQ,551.95,555.4,540.7,555.65,543.95,542.4,546.67,635.7,372.35,1673772,915003712.35,25573,RELINFRA
2016-10-26,EQ,571.2,572.2,551.65,574.8,556.7,555.65,562.26,635.7,372.35,1563810,879265351.85,22372,RELINFRA
2016-10-25,EQ,579.95,580.85,571.7,579.8,574.65,574.8,575.88,635.7,372.35,958821,552168318.6,13870,RELINFRA
2016-10-24,EQ,578.0,586.0,576.0,575.85,578.85,579.8,580.84,635.7,372.35,1570401,912148102.7,20306,RELINFRA
2016-10-21,EQ,577.0,578.8,568.55,579.6,576.5,575.85,573.54,635.7,372.35,1377745,790189849.2,27379,RELINFRA
2016-10-20,EQ,574.9,582.75,573.0,570.0,578.2,579.6,578.84,635.7,372.35,2135578,1236158651.4,28747,RELINFRA
2016-10-19,EQ,574.0,576.9,566.55,572.6,570.0,570.0,571.63,635.7,372.35,2038279,1165144117.55,29996,RELINFRA
2016-10-18,EQ,561.05,574.9,561.0,557.0,571.9,572.6,568.08,635.7,372.35,1828969,1039003270.45,29764,RELINFRA
2016-10-17,EQ,572.95,573.7,555.0,571.35,557.8,557.0,563.22,635.7,372.35,2028774,1142637767.85,31502,RELINFRA
2016-10-14,EQ,567.0,573.8,564.0,564.0,571.7,571.35,569.31,635.7,361.15,2289628,1303506465.85,34980,RELINFRA
2016-10-13,EQ,577.0,580.0,557.25,583.0,563.65,564.0,566.44,635.7,361.15,2716575,1538764979.4,41427,RELINFRA
2016-10-10,EQ,589.4,594.75,580.5,585.65,584.0,583.0,588.54,635.7,361.15,1765625,1039138009.25,31047,RELINFRA
2016-10-07,EQ,585.0,589.85,580.5,582.85,584.65,585.65,585.89,635.7,350.25,2406648,1410040681.55,33025,RELINFRA
2016-10-06,EQ,594.95,600.75,578.0,590.65,584.85,582.85,590.82,635.7,350.25,3421767,2021646120.7,50878,RELINFRA
2016-10-05,EQ,592.0,606.4,583.25,590.15,588.25,590.65,595.48,635.7,350.25,4852390,2889510831.95,62804,RELINFRA
2016-10-04,EQ,602.45,603.0,583.6,597.3,589.5,590.15,592.03,635.7,350.25,3194180,1891038972.0,40584,RELINFRA
2016-10-03,EQ,556.0,600.0,555.0,551.25,597.8,597.3,584.37,635.7,350.25,5999321,3505827503.15,82940,RELINFRA
2016-09-30,EQ,541.8,555.3,533.75,541.6,551.85,551.25,547.92,635.7,333.15,2793271,1530499412.9,56793,RELINFRA
2016-09-29,EQ,599.6,606.45,534.4,593.75,541.0,541.6,564.63,635.7,333.15,5429469,3065622895.5,68572,RELINFRA
2016-09-28,EQ,592.1,598.8,590.1,590.85,594.85,593.75,594.27,635.7,333.15,2282051,1356147421.6,37339,RELINFRA
2016-09-27,EQ,598.95,604.9,588.35,594.95,592.35,590.85,597.14,635.7,333.15,2826382,1687734604.85,51363,RELINFRA
2016-09-26,EQ,605.1,616.9,592.5,608.95,594.2,594.95,604.19,635.7,333.15,3603062,2176922117.65,55516,RELINFRA
2016-09-23,EQ,612.0,621.6,607.0,611.95,607.25,608.95,615.15,635.7,321.35,3844337,2364840536.55,71423,RELINFRA
2016-09-22,EQ,597.0,614.4,595.15,588.6,612.0,611.95,604.93,635.7,321.35,5054595,3057667870.85,104257,RELINFRA
2016-09-21,EQ,598.65,600.8,586.35,594.0,586.35,588.6,594.3,635.7,321.35,2125330,1263078701.3,34185,RELINFRA
2016-09-20,EQ,598.4,605.5,592.1,594.7,592.55,594.0,598.86,635.7,321.35,2910197,1742804768.4,61375,RELINFRA
2016-09-19,EQ,594.0,606.7,593.0,590.0,593.25,594.7,598.54,635.7,321.35,3219521,1927013553.75,53967,RELINFRA
2016-09-16,EQ,588.0,614.5,585.35,583.25,591.5,590.0,599.25,635.7,321.35,7031740,4213756802.9,86105,RELINFRA
2016-09-15,EQ,595.35,595.35,581.1,600.0,582.8,583.25,586.95,635.7,321.35,2790414,1637846809.9,37572,RELINFRA
2016-09-14,EQ,582.0,607.85,580.75,577.75,596.7,600.0,594.72,635.7,321.35,4353677,2589211688.7,66338,RELINFRA
2016-09-12,EQ,604.9,605.0,556.1,617.85,576.7,577.75,589.42,635.7,321.35,2397830,1413338677.65,35934,RELINFRA
2016-09-09,EQ,619.7,635.7,615.6,617.3,616.9,617.85,625.54,635.7,312.5,4461690,2790983488.65,67875,RELINFRA
2016-09-08,EQ,616.1,625.35,614.2,616.2,616.0,617.3,619.41,628.0,312.5,1772027,1097617387.6,22202,RELINFRA
2016-09-07,EQ,618.65,628.0,613.05,618.6,614.55,616.2,620.63,628.0,312.5,2476030,1536699969.95,35315,RELINFRA
2016-09-06,EQ,619.9,624.8,616.35,614.8,617.25,618.6,620.83,624.8,312.5,2804533,1741125441.7,47307,RELINFRA
2016-09-02,EQ,585.95,618.5,584.1,585.5,611.75,614.8,604.67,621.9,312.5,4605401,2784763420.45,63129,RELINFRA
2016-09-01,EQ,595.6,601.95,581.3,596.65,586.15,585.5,593.34,621.9,312.5,1992856,1182432712.65,30185,RELINFRA
2016-08-31,EQ,597.8,607.4,593.0,596.75,593.4,596.65,601.6,621.9,312.5,2653564,1596396501.3,34185,RELINFRA
2016-08-30,EQ,601.8,606.4,594.45,599.75,596.0,596.75,600.38,621.9,312.5,2621548,1573914720.6,32695,RELINFRA
2016-08-29,EQ,584.95,603.0,575.75,584.7,598.35,599.75,588.26,621.9,312.5,3322783,1954661865.15,49333,RELINFRA
2016-08-26,EQ,599.85,600.95,582.15,598.25,584.5,584.7,590.6,621.9,281.55,3437721,2030333115.95,39829,RELINFRA
2016-08-25,EQ,605.8,611.9,595.65,603.5,596.8,598.25,604.81,621.9,281.55,3990013,2413196920.95,43708,RELINFRA
2016-08-24,EQ,601.0,607.65,593.75,600.65,602.8,603.5,599.9,621.9,281.55,2294562,1376506804.6,31284,RELINFRA
2016-08-23,EQ,596.0,609.9,594.15,591.1,599.55,600.65,603.13,621.9,281.55,3388830,2043905085.15,47510,RELINFRA
2016-08-22,EQ,592.25,599.35,587.5,594.15,590.55,591.1,593.39,621.9,281.55,1564667,928462489.05,22942,RELINFRA
2016-08-19,EQ,592.05,602.8,590.5,592.35,592.4,594.15,596.95,621.9,281.55,2382747,1422390876.35,37356,RELINFRA
2016-08-18,EQ,586.55,595.4,584.75,585.1,591.35,592.35,590.45,621.9,281.55,1551577,916134424.5,24074,RELINFRA
2016-08-17,EQ,590.0,594.4,580.0,591.75,583.6,585.1,587.17,621.9,281.55,1581586,928654284.85,25537,RELINFRA
2016-08-16,EQ,577.55,595.6,568.0,580.0,590.35,591.75,585.02,621.9,281.55,2888044,1689551800.0,41612,RELINFRA
2016-08-12,EQ,578.0,584.9,571.7,575.2,577.95,580.0,579.44,621.9,281.55,2204316,1277279285.15,26352,RELINFRA
2016-08-11,EQ,570.95,578.5,560.65,570.75,576.65,575.2,571.06,621.9,281.55,2012812,1149445817.95,25226,RELINFRA
2016-08-10,EQ,591.8,594.9,569.1,589.3,569.95,570.75,576.96,621.9,281.55,1661358,958539654.85,22801,RELINFRA
2016-08-09,EQ,595.4,597.3,582.4,593.8,590.65,589.3,589.96,621.9,281.55,1537238,906915979.2,25400,RELINFRA
2016-08-08,EQ,602.1,605.5,590.8,598.15,593.1,593.8,597.95,621.9,281.55,1863788,1114459884.7,25056,RELINFRA
2016-08-05,EQ,587.85,601.0,585.1,582.0,597.5,598.15,592.72,621.9,281.55,2456650,1456102550.45,29637,RELINFRA
2016-08-04,EQ,577.7,588.2,568.7,572.0,587.0,582.0,577.39,621.9,281.55,1977290,1141665035.6,25397,RELINFRA
2016-08-03,EQ,584.0,587.4,570.0,582.35,570.05,572.0,578.99,621.9,281.55,1942530,1124702264.9,40485,RELINFRA
2016-08-02,EQ,600.0,603.2,577.55,598.3,584.55,582.35,590.9,621.9,281.55,2463360,1455602757.45,37597,RELINFRA
2016-08-01,EQ,610.7,613.0,591.0,607.1,598.05,598.3,603.08,621.9,281.55,2898292,1747900100.4,50870,RELINFRA
2016-07-29,EQ,579.0,611.0,578.65,573.85,605.1,607.1,602.74,621.9,281.55,6288443,3790309235.35,85603,RELINFRA
2016-07-28,EQ,563.5,577.4,563.0,561.6,576.2,573.85,570.59,621.9,281.55,3043744,1736722855.85,35054,RELINFRA
2016-07-27,EQ,560.0,567.65,551.2,562.0,561.0,561.6,560.2,621.9,281.55,1860052,1041995532.75,30739,RELINFRA
2016-07-26,EQ,572.7,578.2,559.2,570.8,561.0,562.0,571.54,621.9,281.55,2510691,1434968368.15,35623,RELINFRA
2016-07-25,EQ,562.0,574.25,557.25,561.15,572.0,570.8,567.63,621.9,281.55,1938805,1100522851.95,29436,RELINFRA
2016-07-22,EQ,552.0,563.0,548.05,550.55,560.6,561.15,555.55,621.9,281.55,1611984,895533305.15,23639,RELINFRA
2016-07-21,EQ,564.0,568.7,548.95,562.5,550.15,550.55,560.2,621.9,281.55,2043370,1144691578.1,30314,RELINFRA
2016-07-20,EQ,558.0,565.85,557.1,555.7,565.0,562.5,561.99,621.9,281.55,1883889,1058733622.25,27012,RELINFRA
2016-07-19,EQ,554.05,557.9,546.0,553.75,556.0,555.7,553.44,621.9,281.55,1736604,961104249.35,24961,RELINFRA
2016-07-18,EQ,553.85,570.0,552.0,552.15,552.4,553.75,562.04,621.9,281.55,2098001,1179170253.15,31240,RELINFRA
2016-07-15,EQ,567.0,568.8,549.25,563.45,551.1,552.15,560.02,621.9,281.55,1826776,1023026988.95,28623,RELINFRA
2016-07-14,EQ,559.95,567.8,553.55,560.6,563.45,563.45,561.66,621.9,281.55,1670297,938133137.8,28455,RELINFRA
2016-07-13,EQ,576.5,579.0,557.2,574.1,558.5,560.6,566.24,621.9,281.55,2101192,1189780618.05,29544,RELINFRA
2016-07-12,EQ,579.6,582.85,568.85,577.2,572.75,574.1,576.29,621.9,281.55,1915850,1104088215.75,28698,RELINFRA
2016-07-11,EQ,570.7,581.0,569.8,562.5,577.0,577.2,575.5,621.9,281.55,2210410,1272094003.2,31670,RELINFRA
2016-07-08,EQ,568.3,571.25,558.1,569.5,562.5,562.5,562.79,621.9,281.55,1792157,1008605447.9,26957,RELINFRA
2016-07-07,EQ,569.95,577.5,567.05,567.05,568.2,569.5,573.36,621.9,281.55,3617545,2074169332.35,56737,RELINFRA
2016-07-05,EQ,546.0,570.5,545.0,548.0,565.4,567.05,561.8,621.9,281.55,5600797,3146499844.0,76256,RELINFRA
2016-07-04,EQ,548.4,554.4,545.9,544.05,546.8,548.0,550.05,621.9,281.55,2764030,1520344750.5,26279,RELINFRA
2016-07-01,EQ,546.15,550.85,542.0,545.75,543.8,544.05,545.72,621.9,281.55,1869184,1020042499.4,27413,RELINFRA
2016-06-30,EQ,538.0,552.45,535.55,533.1,546.0,545.75,544.4,621.9,281.55,4850207,2640471175.35,41455,RELINFRA
2016-06-29,EQ,525.8,535.75,525.0,523.05,532.55,533.1,532.38,621.9,281.55,1953410,1039963115.4,26266,RELINFRA
2016-06-28,EQ,514.0,524.8,514.0,513.7,524.0,523.05,520.72,621.9,281.55,2210623,1151107732.35,28495,RELINFRA
2016-06-27,EQ,503.0,515.4,502.0,506.0,515.0,513.7,511.63,621.9,281.55,1949431,997392355.05,36624,RELINFRA
2016-06-24,EQ,514.9,518.0,488.15,537.45,505.5,506.0,503.0,621.9,281.55,3729431,1875922095.75,53500,RELINFRA
2016-06-23,EQ,541.35,543.75,532.15,542.6,535.6,537.45,537.06,621.9,281.55,1536389,825130871.9,23866,RELINFRA
2016-06-22,EQ,545.4,554.5,539.1,544.55,540.0,542.6,547.46,621.9,281.55,2796000,1530691117.5,44363,RELINFRA
2016-06-21,EQ,545.0,548.25,539.25,544.65,543.15,544.55,544.42,621.9,281.55,1893314,1030764785.95,29770,RELINFRA
2016-06-20,EQ,530.1,546.6,530.1,536.7,543.8,544.65,541.12,621.9,281.55,2184140,1181891054.5,36285,RELINFRA
2016-06-17,EQ,540.0,544.45,532.75,533.8,536.1,536.7,539.1,621.9,281.55,1977729,1066185896.55,29140,RELINFRA
2016-06-16,EQ,537.95,545.8,525.1,539.5,532.4,533.8,535.77,621.9,281.55,2541199,1361504401.2,38757,RELINFRA
2016-06-15,EQ,537.2,542.0,531.5,543.5,538.15,539.5,537.45,621.9,281.55,2049151,1101317441.95,33147,RELINFRA
2016-06-14,EQ,536.35,548.9,536.35,536.35,542.2,543.5,544.22,621.9,281.55,2285890,1244018665.7,41058,RELINFRA
2016-06-13,EQ,542.25,544.85,530.5,549.8,535.65,536.35,536.33,621.9,281.55,2209880,1185226979.8,35775,RELINFRA
2016-06-10,EQ,544.5,560.4,542.5,546.7,548.15,549.8,553.6,621.9,281.55,4438333,2457065794.75,66457,RELINFRA
2016-06-09,EQ,542.0,554.0,536.4,540.95,544.9,546.7,546.27,621.9,281.55,3064234,1673901470.8,49907,RELINFRA
2016-06-08,EQ,533.35,549.25,532.1,530.65,540.8,540.95,542.18,621.9,281.55,2899701,1572167528.45,42561,RELINFRA
2016-06-07,EQ,534.35,535.5,524.1,530.9,531.65,530.65,530.06,621.9,281.55,2556177,1354928977.25,37123,RELINFRA
2016-06-06,EQ,527.0,534.85,522.3,523.35,530.15,530.9,529.21,621.9,281.55,1752926,927674463.35,28422,RELINFRA
2016-06-03,EQ,535.0,537.8,518.45,532.55,523.0,523.35,528.25,621.9,281.55,1996409,1054603208.75,29739,RELINFRA
2016-06-02,EQ,524.3,534.8,522.8,525.0,532.4,532.55,529.83,621.9,281.55,1906605,1010167311.05,29031,RELINFRA
2016-06-01,EQ,538.0,543.6,520.55,538.1,524.95,525.0,534.61,621.9,281.55,2582610,1380685037.45,38606,RELINFRA
2016-05-31,EQ,548.0,548.7,531.7,545.95,538.1,538.1,537.46,621.9,281.55,1903943,1023287429.85,29853,RELINFRA
2016-05-30,EQ,550.0,552.9,541.0,541.7,546.0,545.95,547.3,621.9,281.55,2790810,1527418586.7,40171,RELINFRA
2016-05-27,EQ,518.4,553.5,518.1,516.65,540.95,541.7,541.95,621.9,281.55,4833268,2619403984.25,63635,RELINFRA
2016-05-26,EQ,517.0,518.65,508.8,513.7,517.8,516.65,514.95,621.9,281.55,2339563,1204760716.65,37104,RELINFRA
2016-05-25,EQ,503.0,514.9,502.5,498.3,513.0,513.7,509.57,621.9,281.55,1889033,962596667.55,28543,RELINFRA
2016-05-24,EQ,504.45,509.1,490.1,504.1,499.6,498.3,498.74,621.9,281.55,2625711,1309558757.15,39765,RELINFRA
2016-05-23,EQ,508.25,510.9,500.5,504.95,504.0,504.1,506.11,621.9,281.55,1739861,880556384.8,28472,RELINFRA
2016-05-20,EQ,504.7,511.0,500.3,502.35,507.0,504.95,506.53,621.9,281.55,1995639,1010845212.8,31557,RELINFRA
2016-05-19,EQ,512.3,518.0,501.0,513.65,501.25,502.35,510.28,621.9,281.55,1870354,954402322.55,30386,RELINFRA
2016-05-18,EQ,506.55,515.05,502.1,510.55,513.15,513.65,510.76,621.9,281.55,2022063,1032793953.7,31933,RELINFRA
2016-05-17,EQ,515.0,518.95,508.4,512.95,509.2,510.55,513.27,621.9,281.55,2288321,1174533877.25,38055,RELINFRA
2016-05-16,EQ,512.0,515.0,498.75,510.8,513.0,512.95,508.41,621.9,281.55,3484570,1771580850.1,51484,RELINFRA
2016-05-13,EQ,536.0,537.85,507.15,538.3,511.15,510.8,518.94,621.9,281.55,4120175,2138119800.8,59414,RELINFRA
2016-05-12,EQ,543.5,544.5,533.65,540.6,538.45,538.3,539.17,621.9,281.55,2909556,1568752146.45,42031,RELINFRA
2016-05-11,EQ,541.35,551.85,537.1,548.35,540.3,540.6,544.3,621.9,281.55,2685650,1461805461.15,42509,RELINFRA
2016-05-10,EQ,544.95,551.25,535.65,543.2,550.6,548.35,543.05,621.9,281.55,3166732,1719695974.55,43361,RELINFRA
2016-05-09,EQ,524.5,545.0,523.0,520.5,542.9,543.2,537.46,621.9,281.55,3189863,1714438412.5,48366,RELINFRA
2016-05-06,EQ,518.95,521.8,513.2,520.0,521.5,520.5,518.24,621.9,281.55,1966264,1018995317.15,30244,RELINFRA
2016-05-05,EQ,517.85,525.0,510.65,516.8,521.5,520.0,519.22,621.9,281.55,2773522,1440074609.55,43180,RELINFRA
2016-05-04,EQ,536.9,538.9,515.1,535.85,517.5,516.8,526.84,621.9,281.55,2519792,1327535902.45,38673,RELINFRA
2016-05-03,EQ,545.65,555.4,533.0,542.4,534.0,535.85,545.74,621.9,281.55,2851601,1556225335.65,42745,RELINFRA
2016-05-02,EQ,539.0,547.8,535.0,538.55,541.95,542.4,541.24,621.9,281.55,2381974,1289224290.95,38713,RELINFRA
2016-04-29,EQ,536.55,541.3,522.6,535.9,538.85,538.55,533.6,621.9,281.55,2302973,1228866464.15,37334,RELINFRA
2016-04-28,EQ,549.7,555.7,534.4,550.1,536.2,535.9,544.32,621.9,281.55,2480714,1350314571.85,40006,RELINFRA
2016-04-27,EQ,555.95,560.95,548.0,553.0,549.35,550.1,554.18,621.9,281.55,1637877,907677466.55,31061,RELINFRA
2016-04-26,EQ,545.5,556.2,544.6,546.35,551.95,553.0,552.03,621.9,281.55,1735572,958089747.55,30555,RELINFRA
2016-04-25,EQ,555.95,563.7,542.0,554.0,546.0,546.35,553.19,621.9,281.55,3187051,1763040291.45,75053,RELINFRA
2016-04-22,EQ,550.2,560.75,546.75,550.2,553.7,554.0,555.82,621.9,281.55,3128073,1738652358.5,51149,RELINFRA
2016-04-21,EQ,565.4,568.95,542.15,562.85,548.65,550.2,553.88,621.9,281.55,3755906,2080316989.0,68316,RELINFRA
2016-04-20,EQ,563.95,570.85,558.05,561.75,562.3,562.85,563.69,621.9,281.55,3324502,1873978672.65,50376,RELINFRA
2016-04-18,EQ,572.7,574.45,556.0,573.15,561.5,561.75,562.05,621.9,281.55,2366584,1330144985.95,49522,RELINFRA
2016-04-13,EQ,579.35,581.9,571.65,574.35,572.5,573.15,576.46,621.9,281.55,2530463,1458702032.35,45743,RELINFRA
2016-04-12,EQ,578.15,584.85,570.45,576.85,573.1,574.35,577.55,621.9,281.55,3503733,2023585631.35,55351,RELINFRA
2016-04-11,EQ,542.1,582.8,542.1,540.8,574.8,576.85,566.99,621.9,281.55,5765473,3268963706.3,95887,RELINFRA
2016-04-08,EQ,536.0,546.2,532.6,536.4,541.25,540.8,540.49,621.9,281.55,2293075,1239375373.75,38129,RELINFRA
2016-04-07,EQ,546.1,548.9,534.05,544.5,534.65,536.4,542.02,621.9,281.55,2368216,1283609571.45,39644,RELINFRA
2016-04-06,EQ,531.0,546.65,530.0,535.55,546.0,544.5,539.13,621.9,281.55,2322208,1251983389.5,38294,RELINFRA
2016-04-05,EQ,551.35,552.8,533.25,554.25,535.0,535.55,543.4,621.9,281.55,2807715,1525711675.65,47856,RELINFRA
2016-04-04,EQ,558.0,564.5,549.4,555.9,553.3,554.25,557.11,621.9,281.55,2993856,1667905954.4,45268,RELINFRA
2016-04-01,EQ,530.8,557.55,530.0,533.6,555.05,555.9,547.42,621.9,281.55,3662623,2005009915.7,56447,RELINFRA
2016-03-31,EQ,533.7,541.6,527.55,534.35,533.3,533.6,535.07,621.9,281.55,2748587,1470684846.3,49742,RELINFRA
2016-03-30,EQ,527.15,538.0,524.5,520.9,533.7,534.35,531.16,621.9,281.55,2351182,1248842578.85,43088,RELINFRA
2016-03-29,EQ,522.1,532.0,518.45,522.6,520.0,520.9,525.68,621.9,281.55,2725701,1432852509.05,44397,RELINFRA
2016-03-28,EQ,535.0,536.95,518.7,536.6,524.0,522.6,528.78,621.9,281.55,2267378,1198939047.55,47334,RELINFRA
2016-03-23,EQ,537.8,544.75,533.35,535.95,534.0,536.6,539.37,621.9,281.55,3507906,1892074762.35,54696,RELINFRA
2016-03-22,EQ,513.5,538.0,509.75,511.85,535.0,535.95,530.08,621.9,281.55,6230367,3302566026.55,101120,RELINFRA
2016-03-21,EQ,512.0,515.7,505.5,510.25,511.35,511.85,510.42,621.9,281.55,2384297,1216986690.15,42391,RELINFRA
2016-03-18,EQ,513.0,515.4,504.2,511.45,509.5,510.25,509.61,621.9,281.55,2688880,1370283046.9,43408,RELINFRA
2016-03-17,EQ,507.9,520.6,507.0,497.05,511.35,511.45,513.43,621.9,281.55,5019865,2577366792.25,81843,RELINFRA
2016-03-16,EQ,499.5,503.2,482.4,500.65,500.1,497.05,492.76,621.9,281.55,3644172,1795685415.1,62106,RELINFRA
2016-03-15,EQ,498.0,508.4,497.65,500.7,499.5,500.65,503.01,621.9,281.55,2734201,1375338739.5,44547,RELINFRA
2016-03-14,EQ,509.0,512.7,497.3,504.55,499.3,500.7,504.47,621.9,281.55,2997849,1512339346.8,48609,RELINFRA
2016-03-11,EQ,506.7,519.75,501.55,506.85,503.95,504.55,509.38,621.9,281.55,4167872,2123049758.25,67616,RELINFRA
2016-03-10,EQ,519.0,524.65,504.2,515.4,506.3,506.85,515.34,621.9,281.55,5160435,2659355241.25,83473,RELINFRA
2016-03-09,EQ,478.0,523.5,476.55,483.65,515.55,515.4,501.65,621.9,281.55,7393401,3708901507.25,100766,RELINFRA
2016-03-08,EQ,467.95,489.65,466.55,470.9,484.15,483.65,481.56,621.9,281.55,4605535,2217845415.35,59496,RELINFRA
2016-03-04,EQ,464.95,472.9,457.65,460.85,471.85,470.9,467.3,621.9,281.55,4509654,2107372198.25,58321,RELINFRA
2016-03-03,EQ,442.4,463.5,439.9,437.05,462.0,460.85,450.48,621.9,281.55,5313121,2393475910.7,65800,RELINFRA
2016-03-02,EQ,434.2,445.8,431.75,428.9,436.45,437.05,439.64,621.9,281.55,3880578,1706048167.65,66903,RELINFRA
2016-03-01,EQ,412.1,431.0,409.8,409.85,429.4,428.9,423.1,621.9,281.55,3449610,1459523448.1,52555,RELINFRA
2016-02-29,EQ,413.25,419.9,396.8,410.9,409.65,409.85,410.05,621.9,281.55,3450721,1414970785.05,60569,RELINFRA
2016-02-26,EQ,413.1,414.75,402.0,407.95,412.4,410.9,409.74,621.9,281.55,2884410,1181859127.5,42491,RELINFRA
2016-02-25,EQ,414.9,423.05,405.75,411.05,408.5,407.95,413.05,621.9,281.55,4828384,1994368418.35,75048,RELINFRA
2016-02-24,EQ,410.15,418.7,408.0,413.35,412.9,411.05,413.66,621.9,281.55,2570233,1063200641.5,44263,RELINFRA
2016-02-23,EQ,422.65,427.8,410.25,422.25,411.35,413.35,418.35,621.9,281.55,3570607,1493766397.75,68164,RELINFRA
2016-02-22,EQ,419.8,426.0,418.35,418.2,421.95,422.25,423.0,621.9,281.55,2406802,1018073825.7,41623,RELINFRA
2016-02-19,EQ,411.95,422.0,411.15,413.75,417.9,418.2,417.92,621.9,281.55,2799569,1169989815.1,47422,RELINFRA
2016-02-18,EQ,425.75,429.35,405.35,418.05,412.5,413.75,417.66,621.9,281.55,3593627,1500930182.35,56691,RELINFRA
2016-02-17,EQ,407.1,421.9,394.0,404.85,421.15,418.05,407.75,621.9,281.55,4743664,1934248405.1,71643,RELINFRA
2016-02-16,EQ,428.7,432.8,403.55,424.7,404.4,404.85,419.51,621.9,281.55,3934748,1650679407.3,58605,RELINFRA
2016-02-15,EQ,412.0,434.8,410.0,402.85,422.3,424.7,425.41,621.9,281.55,3019040,1284335717.35,48998,RELINFRA
2016-02-12,EQ,407.15,414.0,387.5,402.95,400.3,402.85,401.17,621.9,281.55,4963304,1991145900.15,74969,RELINFRA
2016-02-11,EQ,444.5,446.8,398.5,441.9,401.0,402.95,424.75,621.9,281.55,5646856,2398508748.35,95038,RELINFRA
2016-02-10,EQ,422.5,444.5,421.5,423.35,444.0,441.9,433.18,621.9,281.55,6949315,3010310647.65,95490,RELINFRA
2016-02-09,EQ,422.25,432.25,420.15,432.15,425.0,423.35,425.54,621.9,281.55,3197880,1360811899.85,60987,RELINFRA
2016-02-08,EQ,438.0,446.5,427.95,437.2,428.5,432.15,438.22,621.9,281.55,4507373,1975218218.3,79701,RELINFRA
2016-02-05,EQ,420.0,442.9,413.0,408.75,440.95,437.2,426.45,621.9,281.55,6872638,2930850604.25,124372,RELINFRA
2016-02-04,EQ,442.3,443.8,400.3,435.35,414.25,408.75,422.8,621.9,281.55,5639280,2384266059.65,92399,RELINFRA
2016-02-03,EQ,441.0,448.0,431.1,449.15,434.25,435.35,438.52,621.9,281.55,3830721,1679838273.9,64351,RELINFRA
2016-02-02,EQ,461.2,471.0,444.0,460.7,446.0,449.15,460.11,621.9,281.55,4053394,1865005909.05,64733,RELINFRA
2016-02-01,EQ,475.45,475.45,456.25,471.2,459.6,460.7,463.54,621.9,281.55,3210382,1488154310.4,57101,RELINFRA
2016-01-29,EQ,457.0,477.8,452.5,456.95,470.0,471.2,466.26,621.9,281.55,5353212,2496001214.05,83263,RELINFRA
2016-01-28,EQ,453.25,464.0,447.65,451.3,456.8,456.95,456.57,621.9,281.55,8984372,4102026178.5,92811,RELINFRA
2016-01-27,EQ,440.45,454.0,435.6,438.25,452.4,451.3,446.54,621.9,281.55,5344769,2386670968.35,88265,RELINFRA
2016-01-25,EQ,464.0,466.0,434.3,459.5,438.35,438.25,451.07,621.9,281.55,4138308,1866655544.6,72392,RELINFRA
2016-01-22,EQ,469.0,469.0,451.75,456.85,460.8,459.5,459.51,621.9,281.55,5085312,2336751746.6,78792,RELINFRA
2016-01-21,EQ,462.2,468.95,445.25,454.7,455.5,456.85,459.42,621.9,281.55,6878116,3159957887.35,104383,RELINFRA
2016-01-20,EQ,464.4,466.0,436.15,475.4,456.3,454.7,454.6,621.9,281.55,5568699,2531521353.3,100740,RELINFRA
2016-01-19,EQ,477.2,488.8,461.5,471.3,476.25,475.4,476.68,621.9,281.55,7512842,3581209703.85,116978,RELINFRA
2016-01-18,EQ,490.0,506.65,464.6,492.9,468.15,471.3,487.81,621.9,281.55,7328283,3574789116.75,120846,RELINFRA
2016-01-15,EQ,537.0,553.9,482.9,532.25,492.45,492.9,527.08,621.9,281.55,7774144,4097561068.25,121847,RELINFRA
2016-01-14,EQ,534.8,541.8,517.4,545.6,531.25,532.25,531.04,621.9,281.55,5270763,2798983828.35,82820,RELINFRA
2016-01-13,EQ,580.0,582.2,525.35,572.5,544.6,545.6,548.54,621.9,281.55,9193851,5043171036.9,139685,RELINFRA
2016-01-12,EQ,585.7,590.5,562.85,584.0,573.0,572.5,576.46,621.9,281.55,4685641,2701104470.4,74025,RELINFRA
2016-01-11,EQ,579.9,593.0,573.15,581.2,582.2,584.0,585.68,621.9,281.55,6439344,3771372412.95,99905,RELINFRA
2016-01-08,EQ,575.7,589.95,574.1,565.45,580.0,581.2,584.09,621.9,281.55,7163613,4184204362.3,93360,RELINFRA
2016-01-07,EQ,578.0,584.9,560.4,592.4,564.5,565.45,571.87,621.9,281.55,6431889,3678190209.9,96030,RELINFRA
2016-01-06,EQ,613.8,614.0,588.45,613.0,590.8,592.4,601.26,621.9,281.55,7986489,4801940908.05,110852,RELINFRA
2016-01-05,EQ,605.25,621.9,599.15,599.95,611.5,613.0,611.14,621.9,281.55,10174693,6218165810.1,143458,RELINFRA
2016-01-04,EQ,589.45,605.5,575.75,591.75,599.95,599.95,592.58,605.5,281.55,11328304,6712962121.1,165623,RELINFRA
2016-01-01,EQ,543.95,595.9,541.45,543.95,591.5,591.75,573.48,595.9,281.55,10506462,6025218155.9,146160,RELINFRA
2015-12-31,EQ,516.95,550.0,512.8,514.9,547.1,543.95,530.73,550.0,281.55,9870726,5238689271.2,100358,RELINFRA
2015-12-30,EQ,511.5,517.5,505.2,508.5,515.3,514.9,513.76,526.0,281.55,5187882,2665329122.2,74419,RELINFRA
2015-12-29,EQ,493.05,511.9,493.0,491.2,507.05,508.5,504.91,526.0,281.55,7008636,3538750804.95,106528,RELINFRA
2015-12-28,EQ,494.8,502.6,487.55,493.2,490.0,491.2,494.36,526.0,281.55,3911714,1933811741.15,66538,RELINFRA
2015-12-24,EQ,462.75,495.9,462.0,457.85,491.7,493.2,484.43,526.0,281.55,8975165,4347836889.4,132656,RELINFRA
2015-12-23,EQ,457.0,461.9,453.1,452.2,461.0,457.85,456.72,526.0,281.55,1415100,646307078.95,21878,RELINFRA
2015-12-22,EQ,457.4,463.1,450.5,454.5,453.0,452.2,457.18,526.0,281.55,1816572,830493271.75,27369,RELINFRA
2015-12-21,EQ,449.25,456.7,446.4,450.1,453.8,454.5,451.88,526.0,281.55,1500591,678089391.25,21274,RELINFRA
2015-12-18,EQ,439.0,453.85,437.3,442.2,451.0,450.1,448.22,531.55,281.55,2498499,1119874462.5,44900,RELINFRA
2015-12-17,EQ,439.45,443.45,432.6,436.8,442.7,442.2,438.66,531.55,281.55,1991820,873732334.95,32955,RELINFRA
2015-12-16,EQ,425.5,443.9,424.1,423.15,435.0,436.8,436.78,531.55,281.55,2890155,1262365653.6,45165,RELINFRA
2015-12-15,EQ,421.0,427.65,418.55,419.75,423.0,423.15,423.07,531.55,281.55,1596462,675415926.6,27950,RELINFRA
2015-12-14,EQ,418.0,424.85,414.35,419.95,420.5,419.75,419.56,531.55,281.55,1930741,810055068.35,32522,RELINFRA
2015-12-11,EQ,438.5,438.85,417.15,435.55,419.25,419.95,425.88,593.0,281.55,2055766,875500079.8,27740,RELINFRA
2015-12-10,EQ,425.35,438.0,419.65,423.2,437.45,435.55,428.25,593.0,281.55,2507946,1074025471.6,33189,RELINFRA
2015-12-09,EQ,429.0,434.9,418.9,430.75,423.75,423.2,427.4,593.0,281.55,2337700,999140648.85,38621,RELINFRA
2015-12-08,EQ,445.05,451.0,428.05,449.0,428.9,430.75,439.2,593.0,281.55,1551827,681558880.5,22094,RELINFRA
2015-12-07,EQ,451.55,455.8,444.3,447.95,448.85,449.0,450.26,593.0,281.55,1512041,680818424.15,25085,RELINFRA
2015-12-04,EQ,454.8,464.0,446.2,456.35,446.55,447.95,453.78,615.6,281.55,2451758,1112569566.45,36951,RELINFRA
2015-12-03,EQ,443.0,463.95,442.0,445.45,457.0,456.35,456.98,615.6,281.55,3669395,1676857118.85,48334,RELINFRA
2015-12-02,EQ,450.25,452.6,440.05,449.25,445.5,445.45,445.66,615.6,281.55,1370989,610991182.45,21232,RELINFRA
2015-12-01,EQ,453.95,454.35,445.6,452.05,449.55,449.25,449.72,615.6,281.55,1569483,705834900.75,22301,RELINFRA
2015-11-30,EQ,428.0,456.15,426.7,431.95,451.15,452.05,444.84,615.6,281.55,3441998,1531148850.55,54667,RELINFRA
2015-11-27,EQ,433.05,440.9,427.5,432.85,431.85,431.95,435.03,632.4,281.55,2183888,950046126.6,33016,RELINFRA
2015-11-26,EQ,420.0,434.5,419.4,418.5,431.7,432.85,428.64,632.4,281.55,2721477,1166540298.45,45695,RELINFRA
2015-11-24,EQ,414.0,424.0,413.5,416.55,418.0,418.5,418.95,632.4,281.55,1933542,810054281.25,40186,RELINFRA
2015-11-23,EQ,419.9,421.45,413.55,418.1,415.6,416.55,417.04,632.4,281.55,1620582,675855234.6,26579,RELINFRA
2015-11-20,EQ,412.5,427.5,407.35,410.55,417.95,418.1,418.3,671.9,281.55,2851375,1192738332.8,43398,RELINFRA
2015-11-19,EQ,406.6,412.3,401.5,405.25,411.05,410.55,407.51,671.9,281.55,1543074,628817107.1,26073,RELINFRA
2015-11-18,EQ,413.6,421.0,402.6,415.95,403.15,405.25,411.47,671.9,281.55,2135206,878577585.05,40399,RELINFRA
2015-11-17,EQ,421.2,421.5,407.5,417.4,416.7,415.95,413.64,671.9,281.55,2571834,1063823708.05,46608,RELINFRA
2015-11-16,EQ,391.6,419.45,390.4,394.25,417.6,417.4,408.68,671.9,281.55,3299882,1348580193.2,53111,RELINFRA
2015-11-13,EQ,381.0,408.8,380.4,384.9,396.0,394.25,396.7,671.9,281.55,3276341,1299728130.65,53307,RELINFRA
2015-11-11,EQ,383.9,386.8,383.0,380.45,384.1,384.9,384.91,671.9,281.55,162931,62713667.1,2470,RELINFRA
2015-11-10,EQ,394.9,399.2,379.1,396.15,380.0,380.45,388.23,671.9,281.55,1650314,640696260.15,26008,RELINFRA
2015-11-09,EQ,380.0,398.25,372.35,386.5,398.1,396.15,390.77,671.9,281.55,1642676,641916480.55,25303,RELINFRA
2015-11-06,EQ,400.35,402.25,382.5,398.65,387.4,386.5,387.89,671.9,281.55,1453536,563808875.9,22771,RELINFRA
2015-11-05,EQ,399.35,403.1,395.25,399.35,400.95,398.65,399.66,671.9,281.55,2176419,869835251.0,28689,RELINFRA
2015-11-04,EQ,393.5,404.4,393.15,391.3,397.65,399.35,399.39,671.9,281.55,2749903,1098284632.6,43178,RELINFRA
2015-11-03,EQ,392.7,397.6,388.4,390.8,391.3,391.3,392.96,671.9,281.55,1688862,663650655.75,26129,RELINFRA
2015-11-02,EQ,395.1,397.0,387.4,396.45,391.0,390.8,391.76,671.9,281.55,1388504,543957713.2,24077,RELINFRA
2015-10-30,EQ,380.0,410.6,377.75,378.25,395.8,396.45,398.64,671.9,281.55,3808414,1518184786.45,59319,RELINFRA
2015-10-29,EQ,380.0,384.75,377.25,380.85,378.4,378.25,380.54,671.9,281.55,1483741,564625098.75,20940,RELINFRA
2015-10-28,EQ,383.25,385.5,379.1,386.35,380.35,380.85,382.09,671.9,281.55,856593,327299367.2,15289,RELINFRA
2015-10-27,EQ,380.0,388.4,379.2,383.55,384.7,386.35,384.9,671.9,281.55,1316113,506577766.05,27971,RELINFRA
2015-10-26,EQ,383.9,387.25,379.25,381.4,386.0,383.55,383.41,671.9,281.55,1107102,424468858.15,18982,RELINFRA
2015-10-23,EQ,386.65,388.5,378.1,382.6,380.15,381.4,383.32,671.9,281.55,918176,351953505.3,18399,RELINFRA
2015-10-21,EQ,383.0,391.3,378.6,383.2,382.1,382.6,384.34,671.9,281.55,1535811,590269693.05,24270,RELINFRA
2015-10-20,EQ,382.5,389.9,380.1,382.15,382.15,383.2,385.52,671.9,281.55,1675337,645879666.25,27067,RELINFRA
2015-10-19,EQ,383.0,386.7,378.25,381.75,381.5,382.15,382.3,671.9,281.55,1299537,496812303.8,25542,RELINFRA
2015-10-16,EQ,375.0,386.75,373.0,374.45,383.5,381.75,381.96,671.9,281.55,1956390,747271108.05,32848,RELINFRA
2015-10-15,EQ,371.1,377.7,371.0,369.65,374.75,374.45,374.06,671.9,281.55,1185213,443345049.35,25170,RELINFRA
2015-10-14,EQ,372.0,377.9,368.2,372.2,369.0,369.65,372.9,671.9,281.55,1286029,479555435.2,21298,RELINFRA
2015-10-13,EQ,363.85,375.95,363.0,364.45,371.9,372.2,371.87,671.9,281.55,2185811,812833628.6,33784,RELINFRA
2015-10-12,EQ,365.0,373.0,361.15,363.9,363.85,364.45,368.06,671.9,281.55,1454559,535366317.55,25800,RELINFRA
2015-10-09,EQ,368.5,370.7,361.65,365.35,363.0,363.9,365.82,671.9,281.55,937765,343053079.8,16592,RELINFRA
2015-10-08,EQ,369.8,372.0,361.2,365.55,364.0,365.35,366.48,671.9,281.55,1835387,672639460.3,31583,RELINFRA
2015-10-07,EQ,358.0,370.6,355.2,357.95,365.0,365.55,364.2,671.9,281.55,2296173,836260244.6,35200,RELINFRA
2015-10-06,EQ,359.55,362.75,353.85,357.65,357.7,357.95,358.91,671.9,281.55,1201941,431387683.6,21637,RELINFRA
2015-10-05,EQ,351.0,359.65,350.25,348.3,358.0,357.65,355.63,671.9,281.55,1289198,458482381.15,23438,RELINFRA
2015-10-01,EQ,351.4,357.6,346.5,347.9,347.05,348.3,352.09,671.9,281.55,1769518,623028125.3,30538,RELINFRA
2015-09-30,EQ,351.6,354.6,345.2,349.2,347.1,347.9,349.92,671.9,281.55,1930732,675611301.25,37055,RELINFRA
2015-09-29,EQ,339.55,353.5,333.15,346.35,347.2,349.2,345.82,671.9,281.55,2230341,771296997.15,39027,RELINFRA
2015-09-28,EQ,339.7,348.5,337.35,337.35,344.9,346.35,344.83,671.9,281.55,1557737,537149406.3,29342,RELINFRA
2015-09-24,EQ,333.05,341.0,327.05,336.9,338.2,337.35,334.99,671.9,281.55,2768885,927543675.0,44179,RELINFRA
2015-09-23,EQ,321.35,338.3,321.35,327.25,336.25,336.9,332.37,671.9,281.55,1671622,555595238.3,32526,RELINFRA
2015-09-22,EQ,341.35,342.95,324.3,338.2,326.0,327.25,334.46,671.9,281.55,2071516,692847956.7,31832,RELINFRA
2015-09-21,EQ,340.65,342.25,335.55,342.75,337.6,338.2,338.55,671.9,281.55,2411163,816288802.25,44676,RELINFRA
2015-09-18,EQ,343.2,350.0,334.95,340.5,342.9,342.75,342.71,698.0,281.55,2703567,926551073.5,39066,RELINFRA
2015-09-16,EQ,345.95,347.0,337.6,345.6,340.1,340.5,341.2,698.0,281.55,1482359,505787321.9,30251,RELINFRA
2015-09-15,EQ,352.95,355.4,343.05,355.9,345.85,345.6,348.07,698.0,281.55,1486887,517544547.1,26449,RELINFRA
2015-09-14,EQ,343.8,358.8,341.6,341.4,354.1,355.9,351.79,698.0,281.55,2047926,720433437.5,34399,RELINFRA
2015-09-11,EQ,346.05,352.35,338.0,344.6,342.15,341.4,345.33,711.7,281.55,1634183,564326696.65,29993,RELINFRA
2015-09-10,EQ,334.0,348.0,328.4,341.05,345.05,344.6,338.43,711.7,281.55,2034293,688459974.2,35831,RELINFRA
2015-09-09,EQ,335.0,344.5,330.4,327.8,340.75,341.05,338.68,711.7,281.55,1667737,564823368.05,32287,RELINFRA
2015-09-08,EQ,327.9,332.8,312.5,325.85,327.1,327.8,323.61,711.7,281.55,1997730,646476840.35,35717,RELINFRA
2015-09-07,EQ,325.0,331.75,320.8,322.9,324.05,325.85,327.1,711.7,281.55,1542026,504397492.5,28275,RELINFRA
2015-09-04,EQ,337.5,337.6,320.0,339.2,321.75,322.9,325.38,756.0,281.55,2109403,686348947.85,35200,RELINFRA
2015-09-03,EQ,339.9,342.9,334.45,335.65,338.8,339.2,339.38,756.0,281.55,1235871,419432922.6,22352,RELINFRA
2015-09-02,EQ,336.0,344.65,331.2,333.0,335.35,335.65,338.1,756.0,281.55,1921865,649783653.05,32768,RELINFRA
2015-09-01,EQ,335.0,339.5,330.05,341.55,330.95,333.0,333.66,756.0,281.55,1729692,577129172.8,30187,RELINFRA
2015-08-31,EQ,339.5,347.0,332.65,341.8,343.0,341.55,340.66,756.0,281.55,2299739,783425360.05,37036,RELINFRA
2015-08-28,EQ,358.7,358.7,336.0,353.0,336.25,341.8,345.88,756.0,281.55,3034413,1049529511.55,45966,RELINFRA
2015-08-27,EQ,339.5,362.0,330.8,337.2,355.0,353.0,341.9,756.0,281.55,3586120,1226093100.75,53719,RELINFRA
2015-08-26,EQ,304.6,342.5,300.1,309.55,339.3,337.2,328.26,756.0,281.55,4804425,1577124188.35,77631,RELINFRA
2015-08-25,EQ,307.0,314.55,281.55,299.35,311.0,309.55,300.12,756.0,281.55,4253641,1276612068.75,64976,RELINFRA
2015-08-24,EQ,337.9,339.5,291.2,352.6,297.0,299.35,318.31,756.0,291.2,3150998,1002998085.2,54551,RELINFRA
2015-08-21,EQ,344.0,354.8,338.05,350.5,352.65,352.6,347.32,756.0,338.05,1793808,623019819.35,32889,RELINFRA
2015-08-20,EQ,364.0,365.8,348.1,365.85,350.0,350.5,354.78,756.0,347.0,1674425,594053778.1,31219,RELINFRA
2015-08-19,EQ,366.0,370.8,362.8,366.85,365.15,365.85,366.49,756.0,347.0,1058418,387895569.65,21210,RELINFRA
2015-08-18,EQ,371.1,374.2,363.15,370.9,368.5,366.85,368.48,756.0,347.0,1382166,509306289.5,25320,RELINFRA
2015-08-17,EQ,372.1,376.4,362.0,371.5,370.55,370.9,370.67,756.0,347.0,1653275,612812725.65,31856,RELINFRA
2015-08-14,EQ,365.0,374.8,357.0,362.4,371.8,371.5,367.08,756.0,347.0,2077795,762710722.75,39793,RELINFRA
2015-08-13,EQ,383.2,392.1,356.7,380.55,362.55,362.4,370.16,756.0,347.0,2683050,993148960.8,45822,RELINFRA
2015-08-12,EQ,400.0,402.3,378.2,401.85,382.35,380.55,387.04,756.0,347.0,1629647,630731428.45,28261,RELINFRA
2015-08-11,EQ,406.45,409.8,397.5,407.05,403.5,401.85,403.4,756.0,347.0,1381898,557455657.3,26915,RELINFRA
2015-08-10,EQ,420.0,422.6,401.4,419.1,402.8,407.05,414.77,756.0,347.0,1275192,528915803.65,19934,RELINFRA
2015-08-07,EQ,423.05,426.9,416.1,424.85,419.65,419.1,421.1,779.0,347.0,1478264,622503404.9,23445,RELINFRA
2015-08-06,EQ,431.45,435.0,423.25,428.05,424.55,424.85,428.67,779.0,347.0,1502559,644100659.9,23444,RELINFRA
2015-08-04,EQ,424.3,433.75,417.2,423.55,424.0,423.9,424.02,779.0,347.0,2124652,900886356.7,33875,RELINFRA
2015-08-03,EQ,415.9,429.0,412.75,414.6,424.8,423.55,422.74,779.0,347.0,1552541,656325656.9,24286,RELINFRA
2015-07-31,EQ,413.65,422.7,409.75,411.5,413.05,414.6,416.02,779.0,347.0,1928679,802363258.7,34218,RELINFRA
2015-07-30,EQ,392.5,415.8,391.0,389.25,413.0,411.5,407.95,779.0,347.0,3071393,1252966928.7,43919,RELINFRA
2015-07-29,EQ,391.5,393.8,382.0,390.25,389.25,389.25,387.81,779.0,347.0,1114773,432318057.45,20151,RELINFRA
2015-07-28,EQ,389.8,394.7,383.45,390.35,390.05,390.25,389.84,779.0,347.0,1534846,598343567.45,27481,RELINFRA
2015-07-27,EQ,409.0,411.1,387.65,411.1,387.65,390.35,399.36,779.0,347.0,1458356,582404500.7,25426,RELINFRA
2015-07-24,EQ,418.0,421.4,408.65,418.4,410.5,411.1,415.3,782.9,347.0,1133713,470831986.15,17740,RELINFRA
2015-07-23,EQ,420.2,424.5,413.5,418.65,417.3,418.4,418.57,782.9,347.0,1533238,641760274.85,29488,RELINFRA
2015-07-22,EQ,405.0,420.4,404.0,408.1,418.45,418.65,413.37,782.9,347.0,1305101,539495212.85,21063,RELINFRA
2015-07-21,EQ,425.0,426.6,405.7,426.65,407.5,408.1,415.74,782.9,347.0,1445120,600788957.0,22383,RELINFRA
2015-07-20,EQ,426.3,431.8,423.95,424.55,425.3,426.65,427.9,782.9,347.0,2090788,894638915.35,31069,RELINFRA
2015-07-17,EQ,413.6,429.55,412.75,412.5,424.0,424.55,424.41,791.8,347.0,2597334,1102332298.05,38761,RELINFRA
2015-07-16,EQ,412.95,417.2,410.05,408.6,412.5,412.5,413.72,791.8,347.0,1544820,639116916.05,25187,RELINFRA
2015-07-15,EQ,410.4,415.4,407.1,408.95,407.2,408.6,410.69,791.8,347.0,1330859,546569520.5,21459,RELINFRA
2015-07-14,EQ,414.0,416.5,406.85,414.45,406.85,408.95,411.72,791.8,347.0,1675557,689860603.0,29442,RELINFRA
2015-07-13,EQ,404.8,419.75,404.3,403.05,414.95,414.45,411.35,791.8,347.0,2758649,1134783233.8,41626,RELINFRA
2015-07-10,EQ,413.35,417.3,401.0,411.25,403.45,403.05,407.34,814.5,347.0,2071119,843648662.6,58318,RELINFRA
2015-07-09,EQ,405.9,418.2,400.75,403.5,412.0,411.25,409.78,814.5,347.0,2817314,1154491967.25,44226,RELINFRA
2015-07-08,EQ,403.9,409.15,393.3,410.95,403.85,403.5,402.1,814.5,347.0,2913104,1171364309.55,41788,RELINFRA
2015-07-07,EQ,390.15,413.7,389.8,390.0,410.0,410.95,404.46,814.5,347.0,3691115,1492920284.9,53806,RELINFRA
2015-07-06,EQ,379.15,391.45,374.4,385.05,391.0,390.0,382.8,814.5,347.0,1344438,514644670.8,20421,RELINFRA
2015-07-03,EQ,386.5,392.2,382.2,388.15,385.15,385.05,386.32,814.5,347.0,1090649,421343542.65,19125,RELINFRA
2015-07-02,EQ,392.0,396.1,386.1,390.0,386.7,388.15,391.24,814.5,347.0,1258955,492556030.95,20693,RELINFRA
2015-07-01,EQ,388.45,396.0,387.25,388.45,391.0,390.0,391.94,814.5,347.0,1881109,737277449.0,29420,RELINFRA
2015-06-30,EQ,378.2,392.5,378.2,381.55,387.5,388.45,387.82,814.5,347.0,2470352,958054152.05,40939,RELINFRA
2015-06-29,EQ,371.2,384.45,368.15,386.75,380.05,381.55,378.69,814.5,347.0,2289460,866998408.25,36588,RELINFRA
2015-06-26,EQ,376.5,393.25,370.75,377.85,385.65,386.75,383.4,814.5,347.0,3450622,1322958666.6,59801,RELINFRA
2015-06-25,EQ,367.0,382.6,363.05,368.8,381.8,377.85,371.42,814.5,347.0,1989762,739030676.7,30807,RELINFRA
2015-06-24,EQ,377.0,378.85,366.05,377.35,366.7,368.8,373.19,814.5,347.0,1588702,592882375.2,24260,RELINFRA
2015-06-23,EQ,378.7,382.6,372.6,376.95,377.9,377.35,377.17,814.5,347.0,1738344,655658412.8,29584,RELINFRA
2015-06-22,EQ,365.25,380.4,365.0,363.5,377.5,376.95,373.72,814.5,347.0,1856210,693699662.05,33442,RELINFRA
2015-06-19,EQ,368.35,368.45,358.4,364.95,363.9,363.5,363.72,814.5,347.0,1550088,563801157.45,25448,RELINFRA
2015-06-18,EQ,362.0,371.05,360.5,361.45,364.55,364.95,365.91,814.5,347.0,1973760,722226024.6,30659,RELINFRA
2015-06-17,EQ,360.0,366.4,356.0,357.95,361.0,361.45,361.97,814.5,347.0,1631086,590399808.6,28760,RELINFRA
2015-06-16,EQ,364.8,364.8,350.7,365.5,359.05,357.95,356.16,814.5,347.0,2778163,989484297.55,41811,RELINFRA
2015-06-15,EQ,364.45,368.6,360.0,361.95,363.4,365.5,364.79,814.5,347.0,1759832,641966541.85,28304,RELINFRA
2015-06-12,EQ,361.0,364.8,353.75,359.9,363.3,361.95,359.44,819.9,347.0,1913327,687728894.7,35726,RELINFRA
2015-06-11,EQ,377.0,378.9,357.35,374.7,361.0,359.9,365.51,819.9,347.0,1890236,690897839.95,29992,RELINFRA
2015-06-10,EQ,374.5,381.5,370.15,372.65,374.4,374.7,376.44,819.9,347.0,2441908,919237109.15,34070,RELINFRA
2015-06-09,EQ,368.8,377.4,366.5,369.3,371.0,372.65,371.79,819.9,347.0,2199169,817622403.65,36867,RELINFRA
2015-06-08,EQ,377.0,379.5,361.3,375.75,371.0,369.3,368.43,819.9,347.0,1994956,734993367.7,39629,RELINFRA
2015-06-05,EQ,367.0,382.9,367.0,370.75,376.2,375.75,376.91,819.9,347.0,2442876,920736830.7,40979,RELINFRA
2015-06-04,EQ,375.2,376.0,361.05,373.55,369.75,370.75,369.24,819.9,347.0,3080609,1137479795.4,64621,RELINFRA
2015-06-03,EQ,402.95,403.75,347.0,402.55,375.0,373.55,375.37,819.9,347.0,3824773,1435700671.6,69838,RELINFRA
2015-06-02,EQ,411.0,413.45,400.9,408.8,401.75,402.55,407.5,819.9,392.1,2195538,894684861.55,45317,RELINFRA
2015-06-01,EQ,410.95,416.7,406.8,409.35,408.7,408.8,411.34,819.9,392.1,1712746,704513422.25,29395,RELINFRA
2015-05-29,EQ,417.5,423.55,401.5,416.7,413.0,409.35,409.83,819.9,392.1,11854444,4858289635.45,116934,RELINFRA
2015-05-28,EQ,428.4,429.9,410.5,421.3,416.7,416.7,417.79,819.9,392.1,2892388,1208405498.45,44555,RELINFRA
2015-05-27,EQ,424.0,429.3,417.7,427.45,420.25,421.3,423.68,819.9,392.1,2308325,977998575.95,42727,RELINFRA
2015-05-26,EQ,433.9,435.95,425.3,432.45,426.7,427.45,430.59,819.9,392.1,2116867,911492999.6,27630,RELINFRA
2015-05-25,EQ,446.4,448.8,430.2,446.6,432.75,432.45,439.09,819.9,392.1,1781626,782289747.2,28771,RELINFRA
2015-05-22,EQ,448.8,455.0,440.65,448.05,446.0,446.6,448.17,819.9,392.1,1974399,884869876.4,33814,RELINFRA
2015-05-21,EQ,454.0,454.7,443.7,452.8,448.8,448.05,448.3,819.9,392.1,1842179,825842766.55,27228,RELINFRA
2015-05-20,EQ,457.0,460.6,446.9,457.35,452.5,452.8,453.36,819.9,392.1,2506231,1136235237.75,38266,RELINFRA
2015-05-19,EQ,439.0,459.65,436.0,440.7,457.0,457.35,447.54,819.9,392.1,2093621,936978244.95,38713,RELINFRA
2015-05-18,EQ,435.0,443.55,429.1,435.2,441.2,440.7,437.02,819.9,392.1,1773860,775207755.1,31225,RELINFRA
2015-05-15,EQ,435.0,441.8,428.6,434.45,436.5,435.2,433.97,819.9,392.1,1663896,722080852.35,31619,RELINFRA
2015-05-14,EQ,419.15,439.5,412.25,422.8,433.5,434.45,427.7,819.9,392.1,2871742,1228235144.55,66608,RELINFRA
2015-05-12,EQ,410.75,411.0,399.35,412.85,403.1,402.05,403.63,819.9,392.1,2767740,1117150365.85,59314,RELINFRA
2015-05-11,EQ,406.7,415.0,405.5,404.45,411.55,412.85,411.5,819.9,392.1,1790883,736940727.75,39272,RELINFRA
2015-05-08,EQ,401.45,409.8,398.1,396.4,403.0,404.45,404.94,819.9,392.1,1782948,721995659.55,28037,RELINFRA
2015-05-07,EQ,409.8,411.0,392.1,411.3,393.0,396.4,401.83,819.9,392.1,1879673,755315927.0,32552,RELINFRA
2015-05-06,EQ,440.7,444.0,408.3,442.9,410.9,411.3,422.21,819.9,400.35,2406511,1016059987.1,41167,RELINFRA
2015-05-05,EQ,437.0,447.4,434.4,434.9,443.45,442.9,440.59,819.9,400.35,2307976,1016881598.0,39901,RELINFRA
2015-05-04,EQ,417.9,435.95,415.05,414.5,435.0,434.9,429.57,819.9,400.35,1673266,718788352.75,28577,RELINFRA
2015-04-30,EQ,410.0,417.45,407.05,412.25,415.55,414.5,413.01,819.9,400.35,2477023,1023036461.6,39525,RELINFRA
2015-04-29,EQ,418.0,418.8,409.6,418.9,411.8,412.25,413.44,819.9,400.35,1243209,513988238.45,24818,RELINFRA
2015-04-28,EQ,409.7,421.9,405.2,410.55,417.15,418.9,413.99,819.9,400.35,1770474,732959552.35,30518,RELINFRA
2015-04-27,EQ,428.9,429.3,408.0,426.1,408.0,410.55,415.34,819.9,400.35,1436392,596590773.8,27115,RELINFRA
2015-04-24,EQ,426.8,430.8,422.35,425.7,427.9,426.1,426.14,819.9,400.35,1856503,791133034.15,31002,RELINFRA
2015-04-23,EQ,434.1,437.1,423.85,431.9,425.8,425.7,430.25,819.9,400.35,1826014,785637520.2,36445,RELINFRA
2015-04-22,EQ,427.0,433.8,420.6,424.0,433.3,431.9,427.39,819.9,400.35,2239123,956976979.35,44171,RELINFRA
2015-04-21,EQ,430.9,435.85,421.95,431.55,424.0,424.0,430.3,819.9,400.35,2167749,932784929.85,51636,RELINFRA
2015-04-20,EQ,455.0,456.3,430.0,453.25,430.85,431.55,440.17,819.9,400.35,1623290,714530423.2,34944,RELINFRA
2015-04-17,EQ,454.8,464.35,450.3,454.95,455.6,453.25,457.1,819.9,400.35,1649879,754152352.6,30501,RELINFRA
2015-04-16,EQ,463.0,465.0,450.2,464.2,453.65,454.95,456.44,819.9,400.35,1762519,804488639.85,29162,RELINFRA
2015-04-15,EQ,473.6,481.0,460.2,471.85,461.1,464.2,472.63,819.9,400.35,2047236,967588000.1,36089,RELINFRA
2015-04-13,EQ,475.0,478.5,466.1,474.15,471.5,471.85,472.65,819.9,400.35,1824187,862205953.7,39825,RELINFRA
2015-04-10,EQ,455.0,482.95,451.1,455.6,472.85,474.15,472.34,819.9,400.35,3293585,1555680154.3,57054,RELINFRA
2015-04-09,EQ,457.4,459.9,448.0,453.95,456.1,455.6,454.48,819.9,400.35,1653255,751376857.2,31579,RELINFRA
2015-04-08,EQ,444.9,460.5,439.55,443.15,455.8,453.95,451.86,819.9,400.35,2240525,1012398908.3,43865,RELINFRA
2015-04-07,EQ,435.0,445.2,426.3,431.4,441.1,443.15,436.37,819.9,400.35,2054644,896583631.95,37687,RELINFRA
2015-04-06,EQ,436.2,437.5,421.0,442.4,430.8,431.4,427.31,819.9,400.35,2346346,1002614828.55,44435,RELINFRA
2015-04-01,EQ,433.5,444.0,429.5,433.8,442.1,442.4,436.61,819.9,400.35,1041266,454626715.4,19485,RELINFRA
2015-03-31,EQ,436.0,440.4,429.0,433.55,432.65,433.8,435.51,819.9,400.35,1640081,714276191.4,40166,RELINFRA
2015-03-30,EQ,424.5,435.0,424.5,421.0,434.75,433.55,429.74,819.9,400.35,1035660,445063793.85,19485,RELINFRA
2015-03-27,EQ,429.3,433.45,416.0,425.1,420.6,421.0,423.21,819.9,400.35,2258790,955947420.75,37839,RELINFRA
2015-03-26,EQ,424.1,433.75,422.7,427.0,428.15,425.1,428.16,819.9,400.35,1817375,778132011.45,30015,RELINFRA
2015-03-25,EQ,427.0,430.4,421.5,424.9,427.0,427.0,426.16,819.9,400.35,1428387,608726234.15,30829,RELINFRA
2015-03-24,EQ,433.0,435.0,420.3,434.05,425.7,424.9,427.74,819.9,400.35,1804957,772049832.4,32240,RELINFRA
2015-03-23,EQ,431.1,438.65,427.55,436.4,432.7,434.05,433.64,819.9,400.35,2196803,952627164.95,43762,RELINFRA
2015-03-20,EQ,450.7,453.5,435.0,454.6,435.9,436.4,441.39,819.9,400.35,2124185,937603817.8,40617,RELINFRA
2015-03-19,EQ,460.0,468.9,451.25,453.85,452.85,454.6,461.58,819.9,400.35,2092858,966013817.0,32548,RELINFRA
2015-03-18,EQ,454.35,460.8,450.05,457.0,453.0,453.85,455.9,819.9,400.35,1660627,757072843.05,29767,RELINFRA
2015-03-17,EQ,458.2,462.2,448.1,454.6,457.95,457.0,455.58,819.9,400.35,1970987,897938463.15,35069,RELINFRA
2015-03-16,EQ,464.15,465.15,451.4,462.4,454.2,454.6,457.14,819.9,400.35,1354473,619178720.45,25774,RELINFRA
2015-03-13,EQ,490.0,495.6,460.3,484.55,463.2,462.4,475.73,819.9,394.4,2720554,1294258796.8,43534,RELINFRA
2015-03-12,EQ,462.0,486.95,461.8,459.25,483.25,484.55,474.58,819.9,394.4,2751280,1305701824.45,47329,RELINFRA
2015-03-11,EQ,459.0,463.4,453.0,458.25,460.0,459.25,458.68,819.9,394.4,1678507,769895335.65,32019,RELINFRA
2015-03-10,EQ,468.0,471.5,453.3,467.45,457.9,458.25,464.01,819.9,394.4,1736379,805700401.3,30633,RELINFRA
2015-03-09,EQ,486.0,488.65,465.15,490.05,466.45,467.45,476.02,819.9,394.4,1747751,831958424.95,39294,RELINFRA
2015-03-05,EQ,482.45,492.5,479.35,475.4,488.65,490.05,486.6,819.9,351.25,4132334,2010773903.2,69761,RELINFRA
2015-03-04,EQ,500.0,507.9,471.0,494.5,472.45,475.4,494.11,819.9,351.25,3731895,1843957759.95,57454,RELINFRA
2015-03-03,EQ,483.0,498.8,480.65,479.45,492.05,494.5,491.29,819.9,351.25,2873570,1411757289.8,50783,RELINFRA
2015-03-02,EQ,479.3,486.0,468.45,475.45,479.0,479.45,477.77,819.9,351.25,2022963,966514944.2,37453,RELINFRA
2015-02-28,EQ,478.4,489.9,466.0,473.2,474.45,475.45,478.75,819.9,351.25,3057181,1463632662.8,46093,RELINFRA
2015-02-27,EQ,459.9,474.9,457.3,455.75,474.85,473.2,468.07,819.9,351.25,2071597,969643290.95,33362,RELINFRA
2015-02-26,EQ,452.85,464.9,450.05,457.25,457.8,455.75,457.1,819.9,351.25,2485101,1135927943.35,40545,RELINFRA
2015-02-25,EQ,457.3,461.0,454.0,455.7,456.7,457.25,457.38,819.9,351.25,1358363,621285517.7,25115,RELINFRA
2015-02-24,EQ,458.9,461.8,449.0,459.9,455.5,455.7,455.54,819.9,351.25,1817865,828111340.1,34778,RELINFRA
2015-02-23,EQ,465.05,473.25,456.0,465.95,456.15,459.9,463.17,819.9,351.25,1946904,901747509.15,36340,RELINFRA
2015-02-20,EQ,470.15,475.5,463.2,468.85,464.95,465.95,469.48,819.9,351.25,1951489,916194054.1,35020,RELINFRA
2015-02-19,EQ,461.0,472.65,448.0,457.35,471.0,468.85,459.22,819.9,351.25,2244515,1030727600.0,41102,RELINFRA
2015-02-18,EQ,452.95,463.35,448.8,450.6,456.05,457.35,457.02,819.9,351.25,1907976,871981488.6,33431,RELINFRA
2015-02-16,EQ,452.9,459.8,447.5,446.7,449.9,450.6,453.81,819.9,351.25,2178005,988410880.05,44267,RELINFRA
2015-02-13,EQ,444.95,454.5,439.0,441.65,446.5,446.7,447.21,819.9,351.25,2195137,981695088.45,48904,RELINFRA
2015-02-12,EQ,425.35,444.7,425.35,421.9,442.6,441.65,438.3,819.9,351.25,3815787,1672470904.6,64336,RELINFRA
2015-02-11,EQ,424.45,428.15,415.65,421.35,422.8,421.9,421.55,819.9,351.25,2383284,1004664823.25,43443,RELINFRA
2015-02-10,EQ,410.0,432.8,400.35,419.35,423.95,421.35,417.17,819.9,351.25,5239287,2185684877.0,89634,RELINFRA
2015-02-09,EQ,445.7,445.7,417.5,458.8,418.0,419.35,431.09,819.9,351.25,3199910,1379438964.5,70547,RELINFRA
2015-02-06,EQ,469.7,475.85,453.6,469.8,459.5,458.8,463.79,819.9,350.3,2080196,964770118.5,37218,RELINFRA
2015-02-05,EQ,498.5,500.1,466.0,497.8,466.5,469.8,482.74,819.9,350.3,2429948,1173023849.9,45877,RELINFRA
2015-02-04,EQ,502.3,509.3,494.45,500.8,495.75,497.8,503.03,819.9,350.3,2090857,1051757306.75,45520,RELINFRA
2015-02-03,EQ,520.0,521.05,498.75,517.25,499.85,500.8,506.75,819.9,350.3,2243651,1136969637.5,37898,RELINFRA
2015-02-02,EQ,506.5,521.95,503.4,508.25,517.4,517.25,515.51,819.9,350.3,2257809,1163926773.95,42921,RELINFRA
2015-01-30,EQ,482.0,514.3,482.0,479.5,508.75,508.25,504.5,819.9,350.3,4284961,2161755177.05,70216,RELINFRA
2015-01-29,EQ,481.95,484.3,476.05,481.05,480.5,479.5,480.32,819.9,350.3,1219310,585659159.4,26289,RELINFRA
2015-01-28,EQ,482.8,487.7,474.1,483.1,481.0,481.05,481.24,819.9,350.3,1641798,790098462.4,30627,RELINFRA
2015-01-27,EQ,487.0,489.95,477.2,484.25,481.25,483.1,483.75,819.9,350.3,1660616,803320762.4,34639,RELINFRA
2015-01-23,EQ,483.0,488.2,465.3,477.1,483.35,484.25,478.45,819.9,350.3,3265868,1562560408.75,58951,RELINFRA
2015-01-22,EQ,483.0,487.5,472.25,482.6,477.9,477.1,479.76,819.9,350.3,1785509,856616757.8,37710,RELINFRA
2015-01-21,EQ,498.4,499.35,479.5,495.45,481.55,482.6,485.58,819.9,350.3,1869280,907690040.55,39453,RELINFRA
2015-01-20,EQ,492.0,500.65,490.15,490.05,496.45,495.45,495.31,819.9,350.3,1807424,895238339.95,34520,RELINFRA
2015-01-19,EQ,486.25,495.8,486.0,485.75,491.0,490.05,490.86,819.9,350.3,1242509,609901994.9,22968,RELINFRA
2015-01-16,EQ,484.4,494.85,476.65,486.85,485.0,485.75,487.01,819.9,350.3,1988487,968416940.15,42847,RELINFRA
2015-01-15,EQ,476.0,489.8,466.35,462.1,485.5,486.85,479.32,819.9,350.3,2801539,1342821515.45,56384,RELINFRA
2015-01-14,EQ,479.0,479.5,458.8,475.95,462.25,462.1,465.57,819.9,350.3,2318205,1079275818.8,54349,RELINFRA
2015-01-13,EQ,486.35,492.0,472.25,485.05,477.05,475.95,481.63,819.9,350.3,1859062,895375849.25,63000,RELINFRA
2015-01-12,EQ,485.0,491.95,478.2,485.35,486.0,485.05,484.82,819.9,350.3,1474108,714684152.0,31922,RELINFRA
2015-01-09,EQ,495.35,498.2,478.2,488.55,484.5,485.35,487.15,819.9,350.3,2059545,1003313635.85,37599,RELINFRA
2015-01-08,EQ,485.0,494.6,480.1,476.7,489.0,488.55,488.56,819.9,350.3,2379775,1162654855.75,48630,RELINFRA
2015-01-07,EQ,487.0,491.0,472.5,487.55,479.25,476.7,479.45,819.9,350.3,2064801,989963219.95,37444,RELINFRA
2015-01-06,EQ,509.9,510.0,485.05,515.05,488.3,487.55,495.41,819.9,350.3,2099712,1040226249.95,35635,RELINFRA
2015-01-05,EQ,518.9,523.8,512.0,518.05,516.1,515.05,517.44,819.9,350.3,1325028,685628932.35,25204,RELINFRA
2015-01-02,EQ,512.3,526.0,511.25,512.25,518.35,518.05,520.32,819.9,350.3,1738267,904457511.65,29916,RELINFRA
2015-01-01,EQ,509.1,516.0,507.65,512.05,512.3,512.25,512.63,819.9,350.3,833198,427123969.1,14481,RELINFRA
